{
    "group": [
        "1", 
        "2", 
        "3", 
        "4"
    ], 
    "metric": [
        "latency", 
        "wc_latency"
    ], 
    "data": {
        "1": {
            "latency": {
                "lowest": 51.467080367351336, 
                "highest_combo": [
                    0
                ], 
                "lowest_combo": [
                    4
                ], 
                "sum": 562.7050899625546, 
                "num": 7, 
                "duration": 0.0008478164672851562, 
                "highest": 133.55478745362237, 
                "mean": 80.38644142322208
            }, 
            "distribution": [
                {
                    "latency": 133.55478745362237, 
                    "id": 0, 
                    "wc_latency": 251.679800155537
                }, 
                {
                    "latency": 51.467080367351336, 
                    "id": 4, 
                    "wc_latency": 136.7570102347576
                }, 
                {
                    "latency": 101.58125915589373, 
                    "id": 1, 
                    "wc_latency": 223.51255233670176
                }, 
                {
                    "latency": 51.467080367351336, 
                    "id": 5, 
                    "wc_latency": 136.7570102347576
                }, 
                {
                    "latency": 121.70072188363318, 
                    "id": 2, 
                    "wc_latency": 251.679800155537
                }, 
                {
                    "latency": 51.467080367351336, 
                    "id": 6, 
                    "wc_latency": 136.7570102347576
                }, 
                {
                    "latency": 51.467080367351336, 
                    "id": 3, 
                    "wc_latency": 136.7570102347576
                }
            ], 
            "wc_latency": {
                "lowest": 136.7570102347576, 
                "highest_combo": [
                    0
                ], 
                "lowest_combo": [
                    4
                ], 
                "sum": 1273.9001935868062, 
                "num": 7, 
                "duration": 0.0002040863037109375, 
                "highest": 251.679800155537, 
                "mean": 181.9857419409723
            }
        }, 
        "3": {
            "latency": {
                "lowest": 7.599601727266434, 
                "highest_combo": [
                    0, 
                    1, 
                    2
                ], 
                "lowest_combo": [
                    0, 
                    1, 
                    6
                ], 
                "sum": 892.8895452004825, 
                "num": 35, 
                "duration": 0.0005650520324707031, 
                "highest": 62.051292809098484, 
                "mean": 25.51112986287093
            }, 
            "distribution": [
                {
                    "latency": 62.051292809098484, 
                    "id": 0, 
                    "wc_latency": 108.58976241592235
                }, 
                {
                    "latency": 7.599601727266434, 
                    "id": 4, 
                    "wc_latency": 53.19721209086504
                }, 
                {
                    "latency": 7.599601727266434, 
                    "id": 8, 
                    "wc_latency": 53.19721209086504
                }, 
                {
                    "latency": 35.04953895009714, 
                    "id": 12, 
                    "wc_latency": 136.7570102347576
                }, 
                {
                    "latency": 16.417541417254203, 
                    "id": 16, 
                    "wc_latency": 114.92278992077941
                }, 
                {
                    "latency": 24.017143144520634, 
                    "id": 20, 
                    "wc_latency": 114.92278992077941
                }, 
                {
                    "latency": 24.017143144520634, 
                    "id": 24, 
                    "wc_latency": 114.92278992077941
                }, 
                {
                    "latency": 24.017143144520634, 
                    "id": 28, 
                    "wc_latency": 114.92278992077941
                }, 
                {
                    "latency": 51.467080367351336, 
                    "id": 32, 
                    "wc_latency": 136.7570102347576
                }, 
                {
                    "latency": 7.599601727266434, 
                    "id": 1, 
                    "wc_latency": 53.19721209086504
                }, 
                {
                    "latency": 7.599601727266434, 
                    "id": 5, 
                    "wc_latency": 53.19721209086504
                }, 
                {
                    "latency": 35.04953895009714, 
                    "id": 9, 
                    "wc_latency": 136.7570102347576
                }, 
                {
                    "latency": 35.04953895009714, 
                    "id": 13, 
                    "wc_latency": 136.7570102347576
                }, 
                {
                    "latency": 16.417541417254203, 
                    "id": 17, 
                    "wc_latency": 114.92278992077941
                }, 
                {
                    "latency": 24.017143144520634, 
                    "id": 21, 
                    "wc_latency": 114.92278992077941
                }, 
                {
                    "latency": 24.017143144520634, 
                    "id": 25, 
                    "wc_latency": 114.92278992077941
                }, 
                {
                    "latency": 24.017143144520634, 
                    "id": 29, 
                    "wc_latency": 114.92278992077941
                }, 
                {
                    "latency": 51.467080367351336, 
                    "id": 33, 
                    "wc_latency": 136.7570102347576
                }, 
                {
                    "latency": 7.599601727266434, 
                    "id": 2, 
                    "wc_latency": 53.19721209086504
                }, 
                {
                    "latency": 7.599601727266434, 
                    "id": 6, 
                    "wc_latency": 53.19721209086504
                }, 
                {
                    "latency": 35.04953895009714, 
                    "id": 10, 
                    "wc_latency": 136.7570102347576
                }, 
                {
                    "latency": 35.04953895009714, 
                    "id": 14, 
                    "wc_latency": 136.7570102347576
                }, 
                {
                    "latency": 16.417541417254203, 
                    "id": 18, 
                    "wc_latency": 114.92278992077941
                }, 
                {
                    "latency": 24.017143144520634, 
                    "id": 22, 
                    "wc_latency": 114.92278992077941
                }, 
                {
                    "latency": 24.017143144520634, 
                    "id": 26, 
                    "wc_latency": 114.92278992077941
                }, 
                {
                    "latency": 24.017143144520634, 
                    "id": 30, 
                    "wc_latency": 114.92278992077941
                }, 
                {
                    "latency": 51.467080367351336, 
                    "id": 34, 
                    "wc_latency": 136.7570102347576
                }, 
                {
                    "latency": 7.599601727266434, 
                    "id": 3, 
                    "wc_latency": 53.19721209086504
                }, 
                {
                    "latency": 7.599601727266434, 
                    "id": 7, 
                    "wc_latency": 53.19721209086504
                }, 
                {
                    "latency": 35.04953895009714, 
                    "id": 11, 
                    "wc_latency": 136.7570102347576
                }, 
                {
                    "latency": 16.417541417254203, 
                    "id": 15, 
                    "wc_latency": 114.92278992077941
                }, 
                {
                    "latency": 24.017143144520634, 
                    "id": 19, 
                    "wc_latency": 114.92278992077941
                }, 
                {
                    "latency": 24.017143144520634, 
                    "id": 23, 
                    "wc_latency": 114.92278992077941
                }, 
                {
                    "latency": 24.017143144520634, 
                    "id": 27, 
                    "wc_latency": 114.92278992077941
                }, 
                {
                    "latency": 51.467080367351336, 
                    "id": 31, 
                    "wc_latency": 136.7570102347576
                }
            ], 
            "wc_latency": {
                "lowest": 53.19721209086504, 
                "highest_combo": [
                    0, 
                    4, 
                    5
                ], 
                "lowest_combo": [
                    0, 
                    1, 
                    6
                ], 
                "sum": 3740.5022002228893, 
                "num": 35, 
                "duration": 0.00048422813415527344, 
                "highest": 136.7570102347576, 
                "mean": 106.8714914349397
            }
        }, 
        "2": {
            "latency": {
                "lowest": 24.017143144520634, 
                "highest_combo": [
                    1, 
                    2
                ], 
                "lowest_combo": [
                    1, 
                    4
                ], 
                "sum": 878.0401025219371, 
                "num": 21, 
                "duration": 0.0010328292846679688, 
                "highest": 93.9816574286273, 
                "mean": 41.81143345342558
            }, 
            "distribution": [
                {
                    "latency": 69.65089453636492, 
                    "id": 0, 
                    "wc_latency": 108.58976241592235
                }, 
                {
                    "latency": 35.04953895009714, 
                    "id": 4, 
                    "wc_latency": 136.7570102347576
                }, 
                {
                    "latency": 24.017143144520634, 
                    "id": 8, 
                    "wc_latency": 114.92278992077941
                }, 
                {
                    "latency": 24.017143144520634, 
                    "id": 12, 
                    "wc_latency": 114.92278992077941
                }, 
                {
                    "latency": 51.467080367351336, 
                    "id": 16, 
                    "wc_latency": 136.7570102347576
                }, 
                {
                    "latency": 51.467080367351336, 
                    "id": 20, 
                    "wc_latency": 136.7570102347576
                }, 
                {
                    "latency": 73.26976739628323, 
                    "id": 1, 
                    "wc_latency": 114.92278992077941
                }, 
                {
                    "latency": 35.04953895009714, 
                    "id": 5, 
                    "wc_latency": 136.7570102347576
                }, 
                {
                    "latency": 24.017143144520634, 
                    "id": 9, 
                    "wc_latency": 114.92278992077941
                }, 
                {
                    "latency": 24.017143144520634, 
                    "id": 13, 
                    "wc_latency": 114.92278992077941
                }, 
                {
                    "latency": 51.467080367351336, 
                    "id": 17, 
                    "wc_latency": 136.7570102347576
                }, 
                {
                    "latency": 35.04953895009714, 
                    "id": 2, 
                    "wc_latency": 136.7570102347576
                }, 
                {
                    "latency": 93.9816574286273, 
                    "id": 6, 
                    "wc_latency": 223.51255233670176
                }, 
                {
                    "latency": 24.017143144520634, 
                    "id": 10, 
                    "wc_latency": 114.92278992077941
                }, 
                {
                    "latency": 24.017143144520634, 
                    "id": 14, 
                    "wc_latency": 114.92278992077941
                }, 
                {
                    "latency": 51.467080367351336, 
                    "id": 18, 
                    "wc_latency": 136.7570102347576
                }, 
                {
                    "latency": 35.04953895009714, 
                    "id": 3, 
                    "wc_latency": 136.7570102347576
                }, 
                {
                    "latency": 24.017143144520634, 
                    "id": 7, 
                    "wc_latency": 114.92278992077941
                }, 
                {
                    "latency": 24.017143144520634, 
                    "id": 11, 
                    "wc_latency": 114.92278992077941
                }, 
                {
                    "latency": 51.467080367351336, 
                    "id": 15, 
                    "wc_latency": 136.7570102347576
                }, 
                {
                    "latency": 51.467080367351336, 
                    "id": 19, 
                    "wc_latency": 136.7570102347576
                }
            ], 
            "wc_latency": {
                "lowest": 108.58976241592235, 
                "highest_combo": [
                    1, 
                    2
                ], 
                "lowest_combo": [
                    0, 
                    1
                ], 
                "sum": 2733.9775263872143, 
                "num": 21, 
                "duration": 0.0003790855407714844, 
                "highest": 223.51255233670176, 
                "mean": 130.18940601843877
            }
        }, 
        "4": {
            "latency": {
                "lowest": 0.0, 
                "highest_combo": [
                    3, 
                    4, 
                    5, 
                    6
                ], 
                "lowest_combo": [
                    0, 
                    1, 
                    2, 
                    3
                ], 
                "sum": 573.5028505546273, 
                "num": 35, 
                "duration": 0.0005648136138916016, 
                "highest": 51.467080367351336, 
                "mean": 16.38579573013221
            }, 
            "distribution": [
                {
                    "latency": 0.0, 
                    "id": 0, 
                    "wc_latency": 0
                }, 
                {
                    "latency": 7.599601727266434, 
                    "id": 4, 
                    "wc_latency": 53.19721209086504
                }, 
                {
                    "latency": 7.599601727266434, 
                    "id": 8, 
                    "wc_latency": 53.19721209086504
                }, 
                {
                    "latency": 7.599601727266434, 
                    "id": 12, 
                    "wc_latency": 53.19721209086504
                }, 
                {
                    "latency": 35.04953895009714, 
                    "id": 16, 
                    "wc_latency": 136.7570102347576
                }, 
                {
                    "latency": 16.417541417254203, 
                    "id": 20, 
                    "wc_latency": 114.92278992077941
                }, 
                {
                    "latency": 16.417541417254203, 
                    "id": 24, 
                    "wc_latency": 114.92278992077941
                }, 
                {
                    "latency": 24.017143144520634, 
                    "id": 28, 
                    "wc_latency": 114.92278992077941
                }, 
                {
                    "latency": 24.017143144520634, 
                    "id": 32, 
                    "wc_latency": 114.92278992077941
                }, 
                {
                    "latency": 0.0, 
                    "id": 1, 
                    "wc_latency": 0
                }, 
                {
                    "latency": 7.599601727266434, 
                    "id": 5, 
                    "wc_latency": 53.19721209086504
                }, 
                {
                    "latency": 7.599601727266434, 
                    "id": 9, 
                    "wc_latency": 53.19721209086504
                }, 
                {
                    "latency": 7.599601727266434, 
                    "id": 13, 
                    "wc_latency": 53.19721209086504
                }, 
                {
                    "latency": 35.04953895009714, 
                    "id": 17, 
                    "wc_latency": 136.7570102347576
                }, 
                {
                    "latency": 16.417541417254203, 
                    "id": 21, 
                    "wc_latency": 114.92278992077941
                }, 
                {
                    "latency": 16.417541417254203, 
                    "id": 25, 
                    "wc_latency": 114.92278992077941
                }, 
                {
                    "latency": 24.017143144520634, 
                    "id": 29, 
                    "wc_latency": 114.92278992077941
                }, 
                {
                    "latency": 24.017143144520634, 
                    "id": 33, 
                    "wc_latency": 114.92278992077941
                }, 
                {
                    "latency": 0.0, 
                    "id": 2, 
                    "wc_latency": 0
                }, 
                {
                    "latency": 7.599601727266434, 
                    "id": 6, 
                    "wc_latency": 53.19721209086504
                }, 
                {
                    "latency": 7.599601727266434, 
                    "id": 10, 
                    "wc_latency": 53.19721209086504
                }, 
                {
                    "latency": 7.599601727266434, 
                    "id": 14, 
                    "wc_latency": 53.19721209086504
                }, 
                {
                    "latency": 35.04953895009714, 
                    "id": 18, 
                    "wc_latency": 136.7570102347576
                }, 
                {
                    "latency": 16.417541417254203, 
                    "id": 22, 
                    "wc_latency": 114.92278992077941
                }, 
                {
                    "latency": 24.017143144520634, 
                    "id": 26, 
                    "wc_latency": 114.92278992077941
                }, 
                {
                    "latency": 24.017143144520634, 
                    "id": 30, 
                    "wc_latency": 114.92278992077941
                }, 
                {
                    "latency": 51.467080367351336, 
                    "id": 34, 
                    "wc_latency": 136.7570102347576
                }, 
                {
                    "latency": 0.0, 
                    "id": 3, 
                    "wc_latency": 0
                }, 
                {
                    "latency": 7.599601727266434, 
                    "id": 7, 
                    "wc_latency": 53.19721209086504
                }, 
                {
                    "latency": 7.599601727266434, 
                    "id": 11, 
                    "wc_latency": 53.19721209086504
                }, 
                {
                    "latency": 7.599601727266434, 
                    "id": 15, 
                    "wc_latency": 53.19721209086504
                }, 
                {
                    "latency": 35.04953895009714, 
                    "id": 19, 
                    "wc_latency": 136.7570102347576
                }, 
                {
                    "latency": 16.417541417254203, 
                    "id": 23, 
                    "wc_latency": 114.92278992077941
                }, 
                {
                    "latency": 24.017143144520634, 
                    "id": 27, 
                    "wc_latency": 114.92278992077941
                }, 
                {
                    "latency": 24.017143144520634, 
                    "id": 31, 
                    "wc_latency": 114.92278992077941
                }
            ], 
            "wc_latency": {
                "lowest": 0, 
                "highest_combo": [
                    0, 
                    3, 
                    4, 
                    5
                ], 
                "lowest_combo": [
                    0, 
                    1, 
                    2, 
                    3
                ], 
                "sum": 2931.07065515508, 
                "num": 35, 
                "duration": 0.00047850608825683594, 
                "highest": 136.7570102347576, 
                "mean": 83.74487586157372
            }
        }
    }
}