{
    "group": [
        "1", 
        "2", 
        "3", 
        "4"
    ], 
    "metric": [
        "latency", 
        "wc_latency"
    ], 
    "data": {
        "1": {
            "latency": {
                "lowest": 862.7770191570738, 
                "highest_combo": [
                    23
                ], 
                "lowest_combo": [
                    28
                ], 
                "sum": 11600.009745864492, 
                "num": 9, 
                "duration": 0.0007228851318359375, 
                "highest": 2239.1366771699554, 
                "mean": 1288.8899717627214
            }, 
            "distribution": [
                {
                    "latency": 1373.6262889240456, 
                    "id": 0, 
                    "wc_latency": 3032.092666115197
                }, 
                {
                    "latency": 1112.3405495865265, 
                    "id": 4, 
                    "wc_latency": 2803.6695496571997
                }, 
                {
                    "latency": 1103.0506154801785, 
                    "id": 8, 
                    "wc_latency": 2791.725348663324
                }, 
                {
                    "latency": 2239.1366771699554, 
                    "id": 1, 
                    "wc_latency": 3032.092666115197
                }, 
                {
                    "latency": 1053.806741634272, 
                    "id": 5, 
                    "wc_latency": 2348.530484050165
                }, 
                {
                    "latency": 973.9769210254603, 
                    "id": 2, 
                    "wc_latency": 1626.6339721857792
                }, 
                {
                    "latency": 862.7770191570738, 
                    "id": 6, 
                    "wc_latency": 2375.2864621290905
                }, 
                {
                    "latency": 1998.30999478915, 
                    "id": 3, 
                    "wc_latency": 2952.462469605807
                }, 
                {
                    "latency": 882.9849380978304, 
                    "id": 7, 
                    "wc_latency": 2221.829142123034
                }
            ], 
            "wc_latency": {
                "lowest": 1626.6339721857792, 
                "highest_combo": [
                    21
                ], 
                "lowest_combo": [
                    24
                ], 
                "sum": 23184.32276064479, 
                "num": 9, 
                "duration": 0.00011897087097167969, 
                "highest": 3032.092666115197, 
                "mean": 2576.0358622938656
            }
        }, 
        "3": {
            "latency": {
                "lowest": 371.51551926466516, 
                "highest_combo": [
                    21, 
                    26, 
                    30
                ], 
                "lowest_combo": [
                    23, 
                    25, 
                    28
                ], 
                "sum": 50225.0221736908, 
                "num": 84, 
                "duration": 0.0016558170318603516, 
                "highest": 881.0133933891274, 
                "mean": 597.9169306391761
            }, 
            "distribution": [
                {
                    "latency": 612.4080801555758, 
                    "id": 0, 
                    "wc_latency": 1325.8284974200278
                }, 
                {
                    "latency": 525.877834033163, 
                    "id": 4, 
                    "wc_latency": 2046.067036902586
                }, 
                {
                    "latency": 595.1410778863697, 
                    "id": 8, 
                    "wc_latency": 1626.6339721857792
                }, 
                {
                    "latency": 592.4868109988415, 
                    "id": 12, 
                    "wc_latency": 1626.6339721857792
                }, 
                {
                    "latency": 579.5085835034475, 
                    "id": 16, 
                    "wc_latency": 2221.829142123034
                }, 
                {
                    "latency": 660.3662832944311, 
                    "id": 20, 
                    "wc_latency": 2221.829142123034
                }, 
                {
                    "latency": 734.6089052951718, 
                    "id": 24, 
                    "wc_latency": 2348.530484050165
                }, 
                {
                    "latency": 645.9255355137042, 
                    "id": 28, 
                    "wc_latency": 1405.4586939294181
                }, 
                {
                    "latency": 468.5216026127712, 
                    "id": 32, 
                    "wc_latency": 1325.8284974200278
                }, 
                {
                    "latency": 371.51551926466516, 
                    "id": 36, 
                    "wc_latency": 886.3897292263182
                }, 
                {
                    "latency": 500.3685534509172, 
                    "id": 40, 
                    "wc_latency": 2046.067036902586
                }, 
                {
                    "latency": 486.4748457236613, 
                    "id": 44, 
                    "wc_latency": 1921.023667357283
                }, 
                {
                    "latency": 503.5256590576676, 
                    "id": 48, 
                    "wc_latency": 1921.023667357283
                }, 
                {
                    "latency": 501.9444331422991, 
                    "id": 52, 
                    "wc_latency": 1626.6339721857792
                }, 
                {
                    "latency": 551.9971737589198, 
                    "id": 56, 
                    "wc_latency": 1626.6339721857792
                }, 
                {
                    "latency": 616.2214042625025, 
                    "id": 60, 
                    "wc_latency": 1626.6339721857792
                }, 
                {
                    "latency": 632.1447312601088, 
                    "id": 64, 
                    "wc_latency": 2348.530484050165
                }, 
                {
                    "latency": 531.0027166807675, 
                    "id": 68, 
                    "wc_latency": 2348.530484050165
                }, 
                {
                    "latency": 536.9484895871956, 
                    "id": 72, 
                    "wc_latency": 2375.2864621290905
                }, 
                {
                    "latency": 806.2602389609752, 
                    "id": 76, 
                    "wc_latency": 2348.530484050165
                }, 
                {
                    "latency": 699.2431237359859, 
                    "id": 80, 
                    "wc_latency": 2221.829142123034
                }, 
                {
                    "latency": 727.5600552003476, 
                    "id": 1, 
                    "wc_latency": 1543.1959332124247
                }, 
                {
                    "latency": 546.0857529739196, 
                    "id": 5, 
                    "wc_latency": 1921.023667357283
                }, 
                {
                    "latency": 566.9775304165958, 
                    "id": 9, 
                    "wc_latency": 1626.6339721857792
                }, 
                {
                    "latency": 710.8792860195529, 
                    "id": 13, 
                    "wc_latency": 2803.6695496571997
                }, 
                {
                    "latency": 704.2436188007329, 
                    "id": 17, 
                    "wc_latency": 2791.725348663324
                }, 
                {
                    "latency": 881.0133933891274, 
                    "id": 21, 
                    "wc_latency": 2791.725348663324
                }, 
                {
                    "latency": 724.7524043182317, 
                    "id": 25, 
                    "wc_latency": 2221.829142123034
                }, 
                {
                    "latency": 537.9534442649654, 
                    "id": 29, 
                    "wc_latency": 1325.8284974200278
                }, 
                {
                    "latency": 533.9720439336735, 
                    "id": 33, 
                    "wc_latency": 1325.8284974200278
                }, 
                {
                    "latency": 422.6679592666841, 
                    "id": 37, 
                    "wc_latency": 1039.8470492323747
                }, 
                {
                    "latency": 503.52565905766755, 
                    "id": 41, 
                    "wc_latency": 1921.023667357283
                }, 
                {
                    "latency": 595.8834146895164, 
                    "id": 45, 
                    "wc_latency": 2046.067036902586
                }, 
                {
                    "latency": 571.3762747944933, 
                    "id": 49, 
                    "wc_latency": 1626.6339721857792
                }, 
                {
                    "latency": 567.3948744632014, 
                    "id": 53, 
                    "wc_latency": 1626.6339721857792
                }, 
                {
                    "latency": 614.8942708187383, 
                    "id": 57, 
                    "wc_latency": 1626.6339721857792
                }, 
                {
                    "latency": 581.0554572973882, 
                    "id": 61, 
                    "wc_latency": 1626.6339721857792
                }, 
                {
                    "latency": 536.9484895871956, 
                    "id": 65, 
                    "wc_latency": 2375.2864621290905
                }, 
                {
                    "latency": 519.8976762531893, 
                    "id": 69, 
                    "wc_latency": 2221.829142123034
                }, 
                {
                    "latency": 536.9484895871956, 
                    "id": 73, 
                    "wc_latency": 2221.829142123034
                }, 
                {
                    "latency": 699.2431237359859, 
                    "id": 77, 
                    "wc_latency": 2221.829142123034
                }, 
                {
                    "latency": 709.0996247129261, 
                    "id": 81, 
                    "wc_latency": 2348.530484050165
                }, 
                {
                    "latency": 677.2722363364886, 
                    "id": 2, 
                    "wc_latency": 2501.206102509621
                }, 
                {
                    "latency": 670.6365691176686, 
                    "id": 6, 
                    "wc_latency": 2489.261901515745
                }, 
                {
                    "latency": 525.127803521827, 
                    "id": 10, 
                    "wc_latency": 1626.6339721857792
                }, 
                {
                    "latency": 603.9811837903349, 
                    "id": 14, 
                    "wc_latency": 2348.530484050165
                }, 
                {
                    "latency": 735.9360387389357, 
                    "id": 18, 
                    "wc_latency": 2348.530484050165
                }, 
                {
                    "latency": 685.3650314492653, 
                    "id": 22, 
                    "wc_latency": 2348.530484050165
                }, 
                {
                    "latency": 691.3108043556933, 
                    "id": 26, 
                    "wc_latency": 2375.2864621290905
                }, 
                {
                    "latency": 552.6076423833563, 
                    "id": 30, 
                    "wc_latency": 1405.4586939294181
                }, 
                {
                    "latency": 522.9099215679909, 
                    "id": 34, 
                    "wc_latency": 1177.0355774714208
                }, 
                {
                    "latency": 516.2742543491709, 
                    "id": 38, 
                    "wc_latency": 1165.091376477545
                }, 
                {
                    "latency": 693.0440289375654, 
                    "id": 42, 
                    "wc_latency": 2489.261901515745
                }, 
                {
                    "latency": 550.8609667474619, 
                    "id": 46, 
                    "wc_latency": 1921.023667357283
                }, 
                {
                    "latency": 586.0304729128843, 
                    "id": 50, 
                    "wc_latency": 1626.6339721857792
                }, 
                {
                    "latency": 617.5485377062664, 
                    "id": 54, 
                    "wc_latency": 1626.6339721857792
                }, 
                {
                    "latency": 517.8955470909071, 
                    "id": 58, 
                    "wc_latency": 1626.6339721857792
                }, 
                {
                    "latency": 517.8955470909071, 
                    "id": 62, 
                    "wc_latency": 1626.6339721857792
                }, 
                {
                    "latency": 536.9484895871955, 
                    "id": 66, 
                    "wc_latency": 2221.829142123034
                }, 
                {
                    "latency": 629.4904643725808, 
                    "id": 70, 
                    "wc_latency": 2348.530484050165
                }, 
                {
                    "latency": 707.7724912691621, 
                    "id": 74, 
                    "wc_latency": 2348.530484050165
                }, 
                {
                    "latency": 713.7182641755901, 
                    "id": 78, 
                    "wc_latency": 2375.2864621290905
                }, 
                {
                    "latency": 684.100876558092, 
                    "id": 82, 
                    "wc_latency": 2221.829142123034
                }, 
                {
                    "latency": 570.3741341072705, 
                    "id": 3, 
                    "wc_latency": 2046.067036902586
                }, 
                {
                    "latency": 645.8309106851037, 
                    "id": 7, 
                    "wc_latency": 1626.6339721857792
                }, 
                {
                    "latency": 559.2294301898396, 
                    "id": 11, 
                    "wc_latency": 1626.6339721857792
                }, 
                {
                    "latency": 562.4577701694411, 
                    "id": 15, 
                    "wc_latency": 2375.2864621290905
                }, 
                {
                    "latency": 691.3108043556933, 
                    "id": 19, 
                    "wc_latency": 2375.2864621290905
                }, 
                {
                    "latency": 643.3154699604248, 
                    "id": 23, 
                    "wc_latency": 2221.829142123034
                }, 
                {
                    "latency": 660.3662832944311, 
                    "id": 27, 
                    "wc_latency": 2221.829142123034
                }, 
                {
                    "latency": 417.36916261075226, 
                    "id": 31, 
                    "wc_latency": 1325.8284974200278
                }, 
                {
                    "latency": 565.5181281950775, 
                    "id": 35, 
                    "wc_latency": 1543.1959332124247
                }, 
                {
                    "latency": 598.5376815770443, 
                    "id": 39, 
                    "wc_latency": 2046.067036902586
                }, 
                {
                    "latency": 497.3956669977032, 
                    "id": 43, 
                    "wc_latency": 2046.067036902586
                }, 
                {
                    "latency": 500.3685534509172, 
                    "id": 47, 
                    "wc_latency": 2046.067036902586
                }, 
                {
                    "latency": 450.79199314028017, 
                    "id": 51, 
                    "wc_latency": 1626.6339721857792
                }, 
                {
                    "latency": 517.8955470909071, 
                    "id": 55, 
                    "wc_latency": 1626.6339721857792
                }, 
                {
                    "latency": 534.9463604249135, 
                    "id": 59, 
                    "wc_latency": 1626.6339721857792
                }, 
                {
                    "latency": 551.9971737589198, 
                    "id": 63, 
                    "wc_latency": 1626.6339721857792
                }, 
                {
                    "latency": 726.6510786206296, 
                    "id": 67, 
                    "wc_latency": 2791.725348663324
                }, 
                {
                    "latency": 584.2837972769897, 
                    "id": 71, 
                    "wc_latency": 2221.829142123034
                }, 
                {
                    "latency": 682.7737431143279, 
                    "id": 75, 
                    "wc_latency": 2221.829142123034
                }, 
                {
                    "latency": 682.7737431143279, 
                    "id": 79, 
                    "wc_latency": 2221.829142123034
                }, 
                {
                    "latency": 699.2431237359859, 
                    "id": 83, 
                    "wc_latency": 2221.829142123034
                }
            ], 
            "wc_latency": {
                "lowest": 886.3897292263182, 
                "highest_combo": [
                    21, 
                    25, 
                    26
                ], 
                "lowest_combo": [
                    23, 
                    25, 
                    28
                ], 
                "sum": 164604.75273110735, 
                "num": 84, 
                "duration": 0.0011970996856689453, 
                "highest": 2803.6695496571997, 
                "mean": 1959.5803896560399
            }
        }, 
        "2": {
            "latency": {
                "lowest": 598.1062706313945, 
                "highest_combo": [
                    23, 
                    25
                ], 
                "lowest_combo": [
                    24, 
                    28
                ], 
                "sum": 29425.636690625954, 
                "num": 36, 
                "duration": 0.0008814334869384766, 
                "highest": 1670.2586092773936, 
                "mean": 817.378796961832
            }, 
            "distribution": [
                {
                    "latency": 1036.7271038001345, 
                    "id": 0, 
                    "wc_latency": 2702.8732408886926
                }, 
                {
                    "latency": 831.3219656684, 
                    "id": 4, 
                    "wc_latency": 2348.530484050165
                }, 
                {
                    "latency": 793.2398130048182, 
                    "id": 8, 
                    "wc_latency": 1405.4586939294181
                }, 
                {
                    "latency": 598.8563011427302, 
                    "id": 12, 
                    "wc_latency": 2046.067036902586
                }, 
                {
                    "latency": 718.6905522856075, 
                    "id": 16, 
                    "wc_latency": 1626.6339721857792
                }, 
                {
                    "latency": 714.7091519543155, 
                    "id": 20, 
                    "wc_latency": 1626.6339721857792
                }, 
                {
                    "latency": 669.5378639470213, 
                    "id": 24, 
                    "wc_latency": 2221.829142123034
                }, 
                {
                    "latency": 750.3955637380047, 
                    "id": 28, 
                    "wc_latency": 2221.829142123034
                }, 
                {
                    "latency": 856.831246250646, 
                    "id": 32, 
                    "wc_latency": 2348.530484050165
                }, 
                {
                    "latency": 793.1451881762181, 
                    "id": 1, 
                    "wc_latency": 1626.6339721857792
                }, 
                {
                    "latency": 789.7985520475063, 
                    "id": 5, 
                    "wc_latency": 2375.2864621290905
                }, 
                {
                    "latency": 1670.2586092773936, 
                    "id": 9, 
                    "wc_latency": 2702.8732408886926
                }, 
                {
                    "latency": 636.1150334174932, 
                    "id": 13, 
                    "wc_latency": 1921.023667357283
                }, 
                {
                    "latency": 733.3447504039983, 
                    "id": 17, 
                    "wc_latency": 1626.6339721857792
                }, 
                {
                    "latency": 834.4287604187907, 
                    "id": 21, 
                    "wc_latency": 2803.6695496571997
                }, 
                {
                    "latency": 826.4659597562069, 
                    "id": 25, 
                    "wc_latency": 2791.725348663324
                }, 
                {
                    "latency": 1003.2357343446014, 
                    "id": 29, 
                    "wc_latency": 2791.725348663324
                }, 
                {
                    "latency": 797.730871427799, 
                    "id": 33, 
                    "wc_latency": 2221.829142123034
                }, 
                {
                    "latency": 1055.611440712104, 
                    "id": 2, 
                    "wc_latency": 2952.462469605807
                }, 
                {
                    "latency": 792.9556576542568, 
                    "id": 6, 
                    "wc_latency": 2221.829142123034
                }, 
                {
                    "latency": 800.8217107357265, 
                    "id": 10, 
                    "wc_latency": 2501.206102509621
                }, 
                {
                    "latency": 792.8589100731426, 
                    "id": 14, 
                    "wc_latency": 2489.261901515745
                }, 
                {
                    "latency": 598.1062706313945, 
                    "id": 18, 
                    "wc_latency": 1626.6339721857792
                }, 
                {
                    "latency": 826.4659597562071, 
                    "id": 22, 
                    "wc_latency": 2348.530484050165
                }, 
                {
                    "latency": 859.4855131381739, 
                    "id": 26, 
                    "wc_latency": 2348.530484050165
                }, 
                {
                    "latency": 758.3434985588327, 
                    "id": 30, 
                    "wc_latency": 2348.530484050165
                }, 
                {
                    "latency": 764.2892714652608, 
                    "id": 34, 
                    "wc_latency": 2375.2864621290905
                }, 
                {
                    "latency": 988.7910751872886, 
                    "id": 3, 
                    "wc_latency": 2803.6695496571997
                }, 
                {
                    "latency": 980.8282745247046, 
                    "id": 7, 
                    "wc_latency": 2791.725348663324
                }, 
                {
                    "latency": 792.8589100731429, 
                    "id": 11, 
                    "wc_latency": 2046.067036902586
                }, 
                {
                    "latency": 826.6626435343462, 
                    "id": 15, 
                    "wc_latency": 1626.6339721857792
                }, 
                {
                    "latency": 649.2587106334132, 
                    "id": 19, 
                    "wc_latency": 1626.6339721857792
                }, 
                {
                    "latency": 635.4362372790087, 
                    "id": 23, 
                    "wc_latency": 2375.2864621290905
                }, 
                {
                    "latency": 764.2892714652608, 
                    "id": 27, 
                    "wc_latency": 2375.2864621290905
                }, 
                {
                    "latency": 733.3447504039985, 
                    "id": 31, 
                    "wc_latency": 2221.829142123034
                }, 
                {
                    "latency": 750.3955637380046, 
                    "id": 35, 
                    "wc_latency": 2221.829142123034
                }
            ], 
            "wc_latency": {
                "lowest": 1405.4586939294181, 
                "highest_combo": [
                    21, 
                    25
                ], 
                "lowest_combo": [
                    23, 
                    24
                ], 
                "sum": 80711.01946261064, 
                "num": 36, 
                "duration": 0.004636049270629883, 
                "highest": 2952.462469605807, 
                "mean": 2241.9727628502956
            }
        }, 
        "4": {
            "latency": {
                "lowest": 270.05488511963813, 
                "highest_combo": [
                    21, 
                    26, 
                    27, 
                    30
                ], 
                "lowest_combo": [
                    23, 
                    24, 
                    25, 
                    28
                ], 
                "sum": 57074.74873288869, 
                "num": 126, 
                "duration": 0.002373218536376953, 
                "highest": 684.0378980055013, 
                "mean": 452.97419629276743
            }, 
            "distribution": [
                {
                    "latency": 465.0938026644617, 
                    "id": 0, 
                    "wc_latency": 1111.9452695931413
                }, 
                {
                    "latency": 378.4923221691975, 
                    "id": 4, 
                    "wc_latency": 1325.8284974200278
                }, 
                {
                    "latency": 298.53705215509785, 
                    "id": 8, 
                    "wc_latency": 886.3897292263182
                }, 
                {
                    "latency": 427.39008634134984, 
                    "id": 12, 
                    "wc_latency": 2046.067036902586
                }, 
                {
                    "latency": 396.44556528008764, 
                    "id": 16, 
                    "wc_latency": 1921.023667357283
                }, 
                {
                    "latency": 413.49637861409394, 
                    "id": 20, 
                    "wc_latency": 1921.023667357283
                }, 
                {
                    "latency": 411.91515269872536, 
                    "id": 24, 
                    "wc_latency": 1626.6339721857792
                }, 
                {
                    "latency": 461.967893315346, 
                    "id": 28, 
                    "wc_latency": 1626.6339721857792
                }, 
                {
                    "latency": 493.99906330702856, 
                    "id": 32, 
                    "wc_latency": 1626.6339721857792
                }, 
                {
                    "latency": 508.5952568608706, 
                    "id": 36, 
                    "wc_latency": 2348.530484050165
                }, 
                {
                    "latency": 458.02424957120013, 
                    "id": 40, 
                    "wc_latency": 2348.530484050165
                }, 
                {
                    "latency": 463.97002247762816, 
                    "id": 44, 
                    "wc_latency": 2375.2864621290905
                }, 
                {
                    "latency": 684.0378980055013, 
                    "id": 48, 
                    "wc_latency": 2348.530484050165
                }, 
                {
                    "latency": 626.2646566264185, 
                    "id": 52, 
                    "wc_latency": 2221.829142123034
                }, 
                {
                    "latency": 390.6391667738511, 
                    "id": 56, 
                    "wc_latency": 1111.9452695931413
                }, 
                {
                    "latency": 386.65776644255925, 
                    "id": 60, 
                    "wc_latency": 1100.0010685992656
                }, 
                {
                    "latency": 434.15716279809635, 
                    "id": 64, 
                    "wc_latency": 1325.8284974200278
                }, 
                {
                    "latency": 400.318349276746, 
                    "id": 68, 
                    "wc_latency": 1325.8284974200278
                }, 
                {
                    "latency": 273.02777157285203, 
                    "id": 72, 
                    "wc_latency": 748.6524899433118
                }, 
                {
                    "latency": 273.02777157285203, 
                    "id": 76, 
                    "wc_latency": 810.263523992163
                }, 
                {
                    "latency": 290.07858490685834, 
                    "id": 80, 
                    "wc_latency": 810.263523992163
                }, 
                {
                    "latency": 452.37321905564875, 
                    "id": 84, 
                    "wc_latency": 1921.023667357283
                }, 
                {
                    "latency": 448.15179315179665, 
                    "id": 88, 
                    "wc_latency": 2046.067036902586
                }, 
                {
                    "latency": 370.58126959979285, 
                    "id": 92, 
                    "wc_latency": 1626.6339721857792
                }, 
                {
                    "latency": 387.63208293379915, 
                    "id": 96, 
                    "wc_latency": 1626.6339721857792
                }, 
                {
                    "latency": 404.68289626780546, 
                    "id": 100, 
                    "wc_latency": 1626.6339721857792
                }, 
                {
                    "latency": 500.8447337569008, 
                    "id": 104, 
                    "wc_latency": 1626.6339721857792
                }, 
                {
                    "latency": 468.6516732450005, 
                    "id": 108, 
                    "wc_latency": 1626.6339721857792
                }, 
                {
                    "latency": 469.3266689635186, 
                    "id": 112, 
                    "wc_latency": 2221.829142123034
                }, 
                {
                    "latency": 469.32666896351867, 
                    "id": 116, 
                    "wc_latency": 2221.829142123034
                }, 
                {
                    "latency": 485.79604958517666, 
                    "id": 120, 
                    "wc_latency": 2221.829142123034
                }, 
                {
                    "latency": 648.6721164463153, 
                    "id": 124, 
                    "wc_latency": 2221.829142123034
                }, 
                {
                    "latency": 414.4039698657274, 
                    "id": 1, 
                    "wc_latency": 1325.8284974200278
                }, 
                {
                    "latency": 411.7497029781995, 
                    "id": 5, 
                    "wc_latency": 1325.8284974200278
                }, 
                {
                    "latency": 332.63867882311047, 
                    "id": 9, 
                    "wc_latency": 1039.8470492323747
                }, 
                {
                    "latency": 413.4963786140939, 
                    "id": 13, 
                    "wc_latency": 1921.023667357283
                }, 
                {
                    "latency": 473.66107373404236, 
                    "id": 17, 
                    "wc_latency": 2046.067036902586
                }, 
                {
                    "latency": 447.82680039525536, 
                    "id": 21, 
                    "wc_latency": 1626.6339721857792
                }, 
                {
                    "latency": 445.1725335077274, 
                    "id": 25, 
                    "wc_latency": 1626.6339721857792
                }, 
                {
                    "latency": 492.67192986326455, 
                    "id": 29, 
                    "wc_latency": 1626.6339721857792
                }, 
                {
                    "latency": 508.07699018782074, 
                    "id": 33, 
                    "wc_latency": 1626.6339721857792
                }, 
                {
                    "latency": 463.97002247762816, 
                    "id": 37, 
                    "wc_latency": 2375.2864621290905
                }, 
                {
                    "latency": 429.86839580961555, 
                    "id": 41, 
                    "wc_latency": 2221.829142123034
                }, 
                {
                    "latency": 446.91920914362186, 
                    "id": 45, 
                    "wc_latency": 2221.829142123034
                }, 
                {
                    "latency": 626.2646566264185, 
                    "id": 49, 
                    "wc_latency": 2221.829142123034
                }, 
                {
                    "latency": 636.1211576033588, 
                    "id": 53, 
                    "wc_latency": 2348.530484050165
                }, 
                {
                    "latency": 405.2933648922421, 
                    "id": 57, 
                    "wc_latency": 1405.4586939294181
                }, 
                {
                    "latency": 436.81142968562426, 
                    "id": 61, 
                    "wc_latency": 1325.8284974200278
                }, 
                {
                    "latency": 337.15843907026493, 
                    "id": 65, 
                    "wc_latency": 1325.8284974200278
                }, 
                {
                    "latency": 337.15843907026493, 
                    "id": 69, 
                    "wc_latency": 1325.8284974200278
                }, 
                {
                    "latency": 290.07858490685834, 
                    "id": 73, 
                    "wc_latency": 810.263523992163
                }, 
                {
                    "latency": 368.54263281145126, 
                    "id": 77, 
                    "wc_latency": 1100.0010685992656
                }, 
                {
                    "latency": 446.82465970803264, 
                    "id": 81, 
                    "wc_latency": 2046.067036902586
                }, 
                {
                    "latency": 449.7975461612466, 
                    "id": 85, 
                    "wc_latency": 2046.067036902586
                }, 
                {
                    "latency": 437.2309718777547, 
                    "id": 89, 
                    "wc_latency": 1921.023667357283
                }, 
                {
                    "latency": 404.6828962678054, 
                    "id": 93, 
                    "wc_latency": 1626.6339721857792
                }, 
                {
                    "latency": 468.9071267713882, 
                    "id": 97, 
                    "wc_latency": 1626.6339721857792
                }, 
                {
                    "latency": 467.32453980123654, 
                    "id": 101, 
                    "wc_latency": 1626.6339721857792
                }, 
                {
                    "latency": 467.32453980123654, 
                    "id": 105, 
                    "wc_latency": 1626.6339721857792
                }, 
                {
                    "latency": 485.7024865790069, 
                    "id": 109, 
                    "wc_latency": 1626.6339721857792
                }, 
                {
                    "latency": 578.9194570829101, 
                    "id": 113, 
                    "wc_latency": 2348.530484050165
                }, 
                {
                    "latency": 485.79604958517666, 
                    "id": 117, 
                    "wc_latency": 2221.829142123034
                }, 
                {
                    "latency": 648.6721164463153, 
                    "id": 121, 
                    "wc_latency": 2221.829142123034
                }, 
                {
                    "latency": 649.9992498900793, 
                    "id": 125, 
                    "wc_latency": 2221.829142123034
                }, 
                {
                    "latency": 386.2404223959537, 
                    "id": 2, 
                    "wc_latency": 1325.8284974200278
                }, 
                {
                    "latency": 399.3604471687529, 
                    "id": 6, 
                    "wc_latency": 1177.0355774714208
                }, 
                {
                    "latency": 394.05191339369696, 
                    "id": 10, 
                    "wc_latency": 1165.091376477545
                }, 
                {
                    "latency": 570.8216879820915, 
                    "id": 14, 
                    "wc_latency": 2489.261901515745
                }, 
                {
                    "latency": 477.8824996378945, 
                    "id": 18, 
                    "wc_latency": 1921.023667357283
                }, 
                {
                    "latency": 419.6632529254817, 
                    "id": 22, 
                    "wc_latency": 1626.6339721857792
                }, 
                {
                    "latency": 493.99906330702856, 
                    "id": 26, 
                    "wc_latency": 1626.6339721857792
                }, 
                {
                    "latency": 444.9170799813397, 
                    "id": 30, 
                    "wc_latency": 1626.6339721857792
                }, 
                {
                    "latency": 444.9170799813397, 
                    "id": 34, 
                    "wc_latency": 1626.6339721857792
                }, 
                {
                    "latency": 446.91920914362186, 
                    "id": 38, 
                    "wc_latency": 2221.829142123034
                }, 
                {
                    "latency": 507.2681234171067, 
                    "id": 42, 
                    "wc_latency": 2348.530484050165
                }, 
                {
                    "latency": 634.7940241595948, 
                    "id": 46, 
                    "wc_latency": 2348.530484050165
                }, 
                {
                    "latency": 640.7397970660227, 
                    "id": 50, 
                    "wc_latency": 2375.2864621290905
                }, 
                {
                    "latency": 594.0715961145183, 
                    "id": 54, 
                    "wc_latency": 2221.829142123034
                }, 
                {
                    "latency": 270.05488511963813, 
                    "id": 58, 
                    "wc_latency": 721.896511864386
                }, 
                {
                    "latency": 337.15843907026493, 
                    "id": 62, 
                    "wc_latency": 1325.8284974200278
                }, 
                {
                    "latency": 354.2092524042712, 
                    "id": 66, 
                    "wc_latency": 1325.8284974200278
                }, 
                {
                    "latency": 371.2600657382775, 
                    "id": 70, 
                    "wc_latency": 1325.8284974200278
                }, 
                {
                    "latency": 416.45937321359384, 
                    "id": 74, 
                    "wc_latency": 1165.091376477545
                }, 
                {
                    "latency": 337.41389259665266, 
                    "id": 78, 
                    "wc_latency": 886.3897292263182
                }, 
                {
                    "latency": 435.90383843399076, 
                    "id": 82, 
                    "wc_latency": 1921.023667357283
                }, 
                {
                    "latency": 435.90383843399076, 
                    "id": 86, 
                    "wc_latency": 1921.023667357283
                }, 
                {
                    "latency": 452.37321905564875, 
                    "id": 90, 
                    "wc_latency": 1921.023667357283
                }, 
                {
                    "latency": 467.5799933276242, 
                    "id": 94, 
                    "wc_latency": 1626.6339721857792
                }, 
                {
                    "latency": 433.7411798062739, 
                    "id": 98, 
                    "wc_latency": 1626.6339721857792
                }, 
                {
                    "latency": 484.37535313524285, 
                    "id": 102, 
                    "wc_latency": 1626.6339721857792
                }, 
                {
                    "latency": 484.3753531352429, 
                    "id": 106, 
                    "wc_latency": 1626.6339721857792
                }, 
                {
                    "latency": 500.8447337569008, 
                    "id": 110, 
                    "wc_latency": 1626.6339721857792
                }, 
                {
                    "latency": 485.79604958517666, 
                    "id": 114, 
                    "wc_latency": 2221.829142123034
                }, 
                {
                    "latency": 481.75884283486107, 
                    "id": 118, 
                    "wc_latency": 2348.530484050165
                }, 
                {
                    "latency": 658.5286174232556, 
                    "id": 122, 
                    "wc_latency": 2348.530484050165
                }, 
                {
                    "latency": 344.3906955011849, 
                    "id": 3, 
                    "wc_latency": 1325.8284974200278
                }, 
                {
                    "latency": 343.0333522292055, 
                    "id": 7, 
                    "wc_latency": 810.263523992163
                }, 
                {
                    "latency": 474.9882071778063, 
                    "id": 11, 
                    "wc_latency": 2046.067036902586
                }, 
                {
                    "latency": 424.4171998881358, 
                    "id": 15, 
                    "wc_latency": 2046.067036902586
                }, 
                {
                    "latency": 427.39008634134984, 
                    "id": 19, 
                    "wc_latency": 2046.067036902586
                }, 
                {
                    "latency": 377.81352603071286, 
                    "id": 23, 
                    "wc_latency": 1626.6339721857792
                }, 
                {
                    "latency": 444.9170799813397, 
                    "id": 27, 
                    "wc_latency": 1626.6339721857792
                }, 
                {
                    "latency": 444.9170799813397, 
                    "id": 31, 
                    "wc_latency": 1626.6339721857792
                }, 
                {
                    "latency": 461.9678933153461, 
                    "id": 35, 
                    "wc_latency": 1626.6339721857792
                }, 
                {
                    "latency": 604.428737665156, 
                    "id": 39, 
                    "wc_latency": 2791.725348663324
                }, 
                {
                    "latency": 511.3053301674224, 
                    "id": 43, 
                    "wc_latency": 2221.829142123034
                }, 
                {
                    "latency": 592.7444626707543, 
                    "id": 47, 
                    "wc_latency": 2221.829142123034
                }, 
                {
                    "latency": 592.7444626707543, 
                    "id": 51, 
                    "wc_latency": 2221.829142123034
                }, 
                {
                    "latency": 626.2646566264185, 
                    "id": 55, 
                    "wc_latency": 2221.829142123034
                }, 
                {
                    "latency": 321.20732512165694, 
                    "id": 59, 
                    "wc_latency": 810.263523992163
                }, 
                {
                    "latency": 371.2600657382775, 
                    "id": 63, 
                    "wc_latency": 1325.8284974200278
                }, 
                {
                    "latency": 435.4842962418603, 
                    "id": 67, 
                    "wc_latency": 1325.8284974200278
                }, 
                {
                    "latency": 371.1968996989792, 
                    "id": 71, 
                    "wc_latency": 1111.9452695931413
                }, 
                {
                    "latency": 270.05488511963813, 
                    "id": 75, 
                    "wc_latency": 721.896511864386
                }, 
                {
                    "latency": 273.02777157285203, 
                    "id": 79, 
                    "wc_latency": 748.6524899433118
                }, 
                {
                    "latency": 545.3124073998458, 
                    "id": 83, 
                    "wc_latency": 2046.067036902586
                }, 
                {
                    "latency": 452.37321905564875, 
                    "id": 87, 
                    "wc_latency": 1921.023667357283
                }, 
                {
                    "latency": 470.2342602151522, 
                    "id": 91, 
                    "wc_latency": 1626.6339721857792
                }, 
                {
                    "latency": 370.58126959979285, 
                    "id": 95, 
                    "wc_latency": 1626.6339721857792
                }, 
                {
                    "latency": 370.58126959979285, 
                    "id": 99, 
                    "wc_latency": 1626.6339721857792
                }, 
                {
                    "latency": 565.6503969728318, 
                    "id": 103, 
                    "wc_latency": 1626.6339721857792
                }, 
                {
                    "latency": 500.8447337569008, 
                    "id": 107, 
                    "wc_latency": 1626.6339721857792
                }, 
                {
                    "latency": 480.431709391097, 
                    "id": 111, 
                    "wc_latency": 2348.530484050165
                }, 
                {
                    "latency": 486.3774822975249, 
                    "id": 115, 
                    "wc_latency": 2375.2864621290905
                }, 
                {
                    "latency": 470.6538024072827, 
                    "id": 119, 
                    "wc_latency": 2221.829142123034
                }, 
                {
                    "latency": 633.5298692684214, 
                    "id": 123, 
                    "wc_latency": 2221.829142123034
                }
            ], 
            "wc_latency": {
                "lowest": 721.896511864386, 
                "highest_combo": [
                    21, 
                    25, 
                    26, 
                    30
                ], 
                "lowest_combo": [
                    23, 
                    24, 
                    25, 
                    28
                ], 
                "sum": 217402.03437675163, 
                "num": 126, 
                "duration": 0.0019817352294921875, 
                "highest": 2791.725348663324, 
                "mean": 1725.4129712440606
            }
        }
    }
}