{
    "group": [
        "1", 
        "2", 
        "3", 
        "4"
    ], 
    "metric": [
        "latency", 
        "wc_latency"
    ], 
    "data": {
        "1": {
            "latency": {
                "lowest": 64.19488328656588, 
                "highest_combo": [
                    1
                ], 
                "lowest_combo": [
                    2
                ], 
                "sum": 497.5972297632886, 
                "num": 6, 
                "duration": 0.0007228851318359375, 
                "highest": 94.55218404586957, 
                "mean": 82.93287162721477
            }, 
            "distribution": [
                {
                    "latency": 90.02119262695238, 
                    "id": 0, 
                    "wc_latency": 154.1553660690053
                }, 
                {
                    "latency": 92.81156001866651, 
                    "id": 4, 
                    "wc_latency": 162.52646824414768
                }, 
                {
                    "latency": 94.55218404586957, 
                    "id": 1, 
                    "wc_latency": 162.52646824414768
                }, 
                {
                    "latency": 76.61352119676008, 
                    "id": 5, 
                    "wc_latency": 130.6761401120245
                }, 
                {
                    "latency": 64.19488328656588, 
                    "id": 2, 
                    "wc_latency": 116.99051710519215
                }, 
                {
                    "latency": 79.4038885884742, 
                    "id": 3, 
                    "wc_latency": 146.67623465063465
                }
            ], 
            "wc_latency": {
                "lowest": 116.99051710519215, 
                "highest_combo": [
                    4
                ], 
                "lowest_combo": [
                    2
                ], 
                "sum": 873.551194425152, 
                "num": 6, 
                "duration": 0.00011277198791503906, 
                "highest": 162.52646824414768, 
                "mean": 145.59186573752532
            }
        }, 
        "3": {
            "latency": {
                "lowest": 24.421062284256255, 
                "highest_combo": [
                    1, 
                    3, 
                    4
                ], 
                "lowest_combo": [
                    0, 
                    2, 
                    4
                ], 
                "sum": 624.4556475165127, 
                "num": 20, 
                "duration": 0.000347137451171875, 
                "highest": 39.1301727280919, 
                "mean": 31.222782375825638
            }, 
            "distribution": [
                {
                    "latency": 30.645558700481597, 
                    "id": 0, 
                    "wc_latency": 82.88292963630754
                }, 
                {
                    "latency": 26.187077771499933, 
                    "id": 4, 
                    "wc_latency": 63.79330501432712
                }, 
                {
                    "latency": 35.95394672250212, 
                    "id": 8, 
                    "wc_latency": 98.73316322982055
                }, 
                {
                    "latency": 36.33015661196236, 
                    "id": 12, 
                    "wc_latency": 116.99051710519215
                }, 
                {
                    "latency": 31.54084753826598, 
                    "id": 16, 
                    "wc_latency": 82.88292963630754
                }, 
                {
                    "latency": 26.187077771499933, 
                    "id": 1, 
                    "wc_latency": 63.79330501432712
                }, 
                {
                    "latency": 24.421062284256255, 
                    "id": 5, 
                    "wc_latency": 53.19721209086504
                }, 
                {
                    "latency": 38.49694417699138, 
                    "id": 9, 
                    "wc_latency": 106.36215559328832
                }, 
                {
                    "latency": 39.1301727280919, 
                    "id": 13, 
                    "wc_latency": 106.36215559328832
                }, 
                {
                    "latency": 26.187077771499933, 
                    "id": 17, 
                    "wc_latency": 63.79330501432712
                }, 
                {
                    "latency": 26.187077771499933, 
                    "id": 2, 
                    "wc_latency": 63.79330501432712
                }, 
                {
                    "latency": 30.26934881102135, 
                    "id": 6, 
                    "wc_latency": 82.88292963630754
                }, 
                {
                    "latency": 38.873154066451626, 
                    "id": 10, 
                    "wc_latency": 108.6194149300498
                }, 
                {
                    "latency": 26.187077771499933, 
                    "id": 14, 
                    "wc_latency": 63.79330501432712
                }, 
                {
                    "latency": 24.421062284256255, 
                    "id": 18, 
                    "wc_latency": 53.19721209086504
                }, 
                {
                    "latency": 37.858674000847266, 
                    "id": 3, 
                    "wc_latency": 98.73316322982055
                }, 
                {
                    "latency": 33.28726429940043, 
                    "id": 7, 
                    "wc_latency": 98.73316322982055
                }, 
                {
                    "latency": 32.81772436358423, 
                    "id": 11, 
                    "wc_latency": 82.88292963630754
                }, 
                {
                    "latency": 26.187077771499933, 
                    "id": 15, 
                    "wc_latency": 63.79330501432712
                }, 
                {
                    "latency": 33.28726429940043, 
                    "id": 19, 
                    "wc_latency": 98.73316322982055
                }
            ], 
            "wc_latency": {
                "lowest": 53.19721209086504, 
                "highest_combo": [
                    1, 
                    2, 
                    5
                ], 
                "lowest_combo": [
                    0, 
                    2, 
                    4
                ], 
                "sum": 1653.9528689540239, 
                "num": 20, 
                "duration": 0.0003275871276855469, 
                "highest": 116.99051710519215, 
                "mean": 82.6976434477012
            }
        }, 
        "2": {
            "latency": {
                "lowest": 38.234883890307515, 
                "highest_combo": [
                    0, 
                    4
                ], 
                "lowest_combo": [
                    0, 
                    2
                ], 
                "sum": 750.9173006980142, 
                "num": 15, 
                "duration": 0.0013644695281982422, 
                "highest": 62.39354941484987, 
                "mean": 50.06115337986761
            }, 
            "distribution": [
                {
                    "latency": 45.824209080133436, 
                    "id": 0, 
                    "wc_latency": 98.73316322982055
                }, 
                {
                    "latency": 60.68245103818776, 
                    "id": 4, 
                    "wc_latency": 114.02341654519785
                }, 
                {
                    "latency": 53.78974415941959, 
                    "id": 8, 
                    "wc_latency": 130.6761401120245
                }, 
                {
                    "latency": 58.1394535836985, 
                    "id": 12, 
                    "wc_latency": 114.02341654519785
                }, 
                {
                    "latency": 38.234883890307515, 
                    "id": 1, 
                    "wc_latency": 82.88292963630754
                }, 
                {
                    "latency": 56.60555809673997, 
                    "id": 5, 
                    "wc_latency": 116.99051710519215
                }, 
                {
                    "latency": 46.46247925627754, 
                    "id": 9, 
                    "wc_latency": 108.6194149300498
                }, 
                {
                    "latency": 43.91948180178829, 
                    "id": 13, 
                    "wc_latency": 98.73316322982055
                }, 
                {
                    "latency": 43.91948180178829, 
                    "id": 2, 
                    "wc_latency": 98.73316322982055
                }, 
                {
                    "latency": 60.3946077328676, 
                    "id": 6, 
                    "wc_latency": 146.67623465063465
                }, 
                {
                    "latency": 40.407049553410154, 
                    "id": 10, 
                    "wc_latency": 82.88292963630754
                }, 
                {
                    "latency": 46.46247925627754, 
                    "id": 14, 
                    "wc_latency": 106.36215559328832
                }, 
                {
                    "latency": 62.39354941484987, 
                    "id": 3, 
                    "wc_latency": 154.1553660690053
                }, 
                {
                    "latency": 49.76239023047975, 
                    "id": 7, 
                    "wc_latency": 106.36215559328832
                }, 
                {
                    "latency": 43.91948180178829, 
                    "id": 11, 
                    "wc_latency": 116.99051710519215
                }
            ], 
            "wc_latency": {
                "lowest": 82.88292963630754, 
                "highest_combo": [
                    0, 
                    4
                ], 
                "lowest_combo": [
                    0, 
                    2
                ], 
                "sum": 1676.8446832111476, 
                "num": 15, 
                "duration": 0.0004181861877441406, 
                "highest": 154.1553660690053, 
                "mean": 111.78964554740985
            }
        }, 
        "4": {
            "latency": {
                "lowest": 15.554860269112082, 
                "highest_combo": [
                    0, 
                    3, 
                    4, 
                    5
                ], 
                "lowest_combo": [
                    1, 
                    3, 
                    4, 
                    5
                ], 
                "sum": 276.1518509000182, 
                "num": 15, 
                "duration": 0.00021886825561523438, 
                "highest": 25.321729220114264, 
                "mean": 18.410123393334548
            }, 
            "distribution": [
                {
                    "latency": 18.597752581674015, 
                    "id": 0, 
                    "wc_latency": 63.79330501432712
                }, 
                {
                    "latency": 18.22154269221377, 
                    "id": 4, 
                    "wc_latency": 63.79330501432712
                }, 
                {
                    "latency": 16.455527204970092, 
                    "id": 8, 
                    "wc_latency": 53.19721209086504
                }, 
                {
                    "latency": 16.831737094430334, 
                    "id": 12, 
                    "wc_latency": 53.19721209086504
                }, 
                {
                    "latency": 16.831737094430334, 
                    "id": 1, 
                    "wc_latency": 53.19721209086504
                }, 
                {
                    "latency": 18.22154269221377, 
                    "id": 5, 
                    "wc_latency": 63.79330501432712
                }, 
                {
                    "latency": 25.321729220114264, 
                    "id": 9, 
                    "wc_latency": 98.73316322982055
                }, 
                {
                    "latency": 15.554860269112082, 
                    "id": 13, 
                    "wc_latency": 47.793210475716975
                }, 
                {
                    "latency": 22.68002362119543, 
                    "id": 2, 
                    "wc_latency": 82.88292963630754
                }, 
                {
                    "latency": 15.554860269112082, 
                    "id": 6, 
                    "wc_latency": 47.793210475716975
                }, 
                {
                    "latency": 23.95152234844006, 
                    "id": 10, 
                    "wc_latency": 82.88292963630754
                }, 
                {
                    "latency": 15.554860269112082, 
                    "id": 14, 
                    "wc_latency": 47.793210475716975
                }, 
                {
                    "latency": 15.554860269112082, 
                    "id": 3, 
                    "wc_latency": 47.793210475716975
                }, 
                {
                    "latency": 18.22154269221377, 
                    "id": 7, 
                    "wc_latency": 63.79330501432712
                }, 
                {
                    "latency": 18.597752581674015, 
                    "id": 11, 
                    "wc_latency": 63.79330501432712
                }
            ], 
            "wc_latency": {
                "lowest": 47.793210475716975, 
                "highest_combo": [
                    0, 
                    3, 
                    4, 
                    5
                ], 
                "lowest_combo": [
                    1, 
                    3, 
                    4, 
                    5
                ], 
                "sum": 934.2300257495343, 
                "num": 15, 
                "duration": 0.0001842975616455078, 
                "highest": 98.73316322982055, 
                "mean": 62.28200171663562
            }
        }
    }
}