{
    "group": [
        "1", 
        "2", 
        "3", 
        "4"
    ], 
    "metric": [
        "latency", 
        "wc_latency"
    ], 
    "data": {
        "1": {
            "latency": {
                "lowest": 721.2536256927123, 
                "highest_combo": [
                    0
                ], 
                "lowest_combo": [
                    4
                ], 
                "sum": 7217.207568791912, 
                "num": 7, 
                "duration": 0.0008451938629150391, 
                "highest": 2154.02726421223, 
                "mean": 1031.0296526845589
            }, 
            "distribution": [
                {
                    "latency": 2154.02726421223, 
                    "id": 0, 
                    "wc_latency": 2727.400852651239
                }, 
                {
                    "latency": 721.2536256927123, 
                    "id": 4, 
                    "wc_latency": 2426.7028014642697
                }, 
                {
                    "latency": 999.7105090471159, 
                    "id": 1, 
                    "wc_latency": 2709.1086569434333
                }, 
                {
                    "latency": 1077.0616530364, 
                    "id": 5, 
                    "wc_latency": 2727.400852651239
                }, 
                {
                    "latency": 798.6846460091334, 
                    "id": 2, 
                    "wc_latency": 2630.7854353113785
                }, 
                {
                    "latency": 739.8986510758797, 
                    "id": 6, 
                    "wc_latency": 2121.9533662844487
                }, 
                {
                    "latency": 726.5712197184415, 
                    "id": 3, 
                    "wc_latency": 2462.239736830842
                }
            ], 
            "wc_latency": {
                "lowest": 2121.9533662844487, 
                "highest_combo": [
                    0
                ], 
                "lowest_combo": [
                    6
                ], 
                "sum": 17805.59170213685, 
                "num": 7, 
                "duration": 0.0001671314239501953, 
                "highest": 2727.400852651239, 
                "mean": 2543.6559574481216
            }
        }, 
        "3": {
            "latency": {
                "lowest": 199.6469317542358, 
                "highest_combo": [
                    2, 
                    3, 
                    4
                ], 
                "lowest_combo": [
                    0, 
                    3, 
                    6
                ], 
                "sum": 14323.67670337357, 
                "num": 35, 
                "duration": 0.0005590915679931641, 
                "highest": 657.867596684028, 
                "mean": 409.24790581067344
            }, 
            "distribution": [
                {
                    "latency": 298.49947574851586, 
                    "id": 0, 
                    "wc_latency": 1128.869595846214
                }, 
                {
                    "latency": 348.0389690562762, 
                    "id": 4, 
                    "wc_latency": 711.8784649890691
                }, 
                {
                    "latency": 223.7248886800268, 
                    "id": 8, 
                    "wc_latency": 605.4474863667904
                }, 
                {
                    "latency": 242.4693737693729, 
                    "id": 12, 
                    "wc_latency": 915.9610988361782
                }, 
                {
                    "latency": 561.2473781665283, 
                    "id": 16, 
                    "wc_latency": 2426.7028014642697
                }, 
                {
                    "latency": 463.4867665410059, 
                    "id": 20, 
                    "wc_latency": 2462.239736830842
                }, 
                {
                    "latency": 564.6826661873703, 
                    "id": 24, 
                    "wc_latency": 2121.9533662844487
                }, 
                {
                    "latency": 530.831878593666, 
                    "id": 28, 
                    "wc_latency": 2426.7028014642697
                }, 
                {
                    "latency": 497.706421885361, 
                    "id": 32, 
                    "wc_latency": 2121.9533662844487
                }, 
                {
                    "latency": 248.9273609031252, 
                    "id": 1, 
                    "wc_latency": 960.3238973656773
                }, 
                {
                    "latency": 326.4258830605203, 
                    "id": 5, 
                    "wc_latency": 960.3238973656773
                }, 
                {
                    "latency": 359.59257072836175, 
                    "id": 9, 
                    "wc_latency": 924.7869619991051
                }, 
                {
                    "latency": 204.6031923199223, 
                    "id": 13, 
                    "wc_latency": 605.4474863667904
                }, 
                {
                    "latency": 513.0588813863965, 
                    "id": 17, 
                    "wc_latency": 2630.7854353113785
                }, 
                {
                    "latency": 418.9037997007307, 
                    "id": 21, 
                    "wc_latency": 2121.9533662844487
                }, 
                {
                    "latency": 657.867596684028, 
                    "id": 25, 
                    "wc_latency": 2426.7028014642697
                }, 
                {
                    "latency": 478.58472552525654, 
                    "id": 29, 
                    "wc_latency": 2121.9533662844487
                }, 
                {
                    "latency": 416.2906288853299, 
                    "id": 33, 
                    "wc_latency": 2121.9533662844487
                }, 
                {
                    "latency": 243.73021136407675, 
                    "id": 2, 
                    "wc_latency": 924.7869619991051
                }, 
                {
                    "latency": 316.27247295578536, 
                    "id": 6, 
                    "wc_latency": 924.7869619991051
                }, 
                {
                    "latency": 237.63355769036738, 
                    "id": 10, 
                    "wc_latency": 881.2672748763727
                }, 
                {
                    "latency": 350.2699578399884, 
                    "id": 14, 
                    "wc_latency": 745.7875821828601
                }, 
                {
                    "latency": 442.98175662652164, 
                    "id": 18, 
                    "wc_latency": 2121.9533662844487
                }, 
                {
                    "latency": 458.2896170019574, 
                    "id": 22, 
                    "wc_latency": 2426.7028014642697
                }, 
                {
                    "latency": 540.985288698401, 
                    "id": 26, 
                    "wc_latency": 2462.239736830842
                }, 
                {
                    "latency": 440.3685858111208, 
                    "id": 30, 
                    "wc_latency": 2121.9533662844487
                }, 
                {
                    "latency": 421.24688945101633, 
                    "id": 34, 
                    "wc_latency": 2121.9533662844487
                }, 
                {
                    "latency": 442.3231613372292, 
                    "id": 3, 
                    "wc_latency": 915.9610988361782
                }, 
                {
                    "latency": 241.54248501289598, 
                    "id": 7, 
                    "wc_latency": 711.8784649890691
                }, 
                {
                    "latency": 199.6469317542358, 
                    "id": 11, 
                    "wc_latency": 605.4474863667904
                }, 
                {
                    "latency": 576.4774933236307, 
                    "id": 15, 
                    "wc_latency": 2462.239736830842
                }, 
                {
                    "latency": 580.3690745266327, 
                    "id": 19, 
                    "wc_latency": 2426.7028014642697
                }, 
                {
                    "latency": 423.86006026641724, 
                    "id": 23, 
                    "wc_latency": 2121.9533662844487
                }, 
                {
                    "latency": 478.58472552525654, 
                    "id": 27, 
                    "wc_latency": 2121.9533662844487
                }, 
                {
                    "latency": 574.1519763662424, 
                    "id": 31, 
                    "wc_latency": 2426.7028014642697
                }
            ], 
            "wc_latency": {
                "lowest": 605.4474863667904, 
                "highest_combo": [
                    1, 
                    2, 
                    5
                ], 
                "lowest_combo": [
                    0, 
                    2, 
                    6
                ], 
                "sum": 58320.20983781899, 
                "num": 35, 
                "duration": 0.0004260540008544922, 
                "highest": 2630.7854353113785, 
                "mean": 1666.2917096519711
            }
        }, 
        "2": {
            "latency": {
                "lowest": 374.5817969121022, 
                "highest_combo": [
                    1, 
                    5
                ], 
                "lowest_combo": [
                    0, 
                    4
                ], 
                "sum": 12289.135929065014, 
                "num": 21, 
                "duration": 0.008490562438964844, 
                "highest": 829.3386837577197, 
                "mean": 585.1969490030959
            }, 
            "distribution": [
                {
                    "latency": 612.6949866266256, 
                    "id": 0, 
                    "wc_latency": 1192.6027770257747
                }, 
                {
                    "latency": 687.4329598005088, 
                    "id": 4, 
                    "wc_latency": 1192.6027770257747
                }, 
                {
                    "latency": 590.4020401446868, 
                    "id": 8, 
                    "wc_latency": 2426.7028014642697
                }, 
                {
                    "latency": 662.9443017363953, 
                    "id": 12, 
                    "wc_latency": 2426.7028014642697
                }, 
                {
                    "latency": 589.3820915233448, 
                    "id": 16, 
                    "wc_latency": 2462.239736830842
                }, 
                {
                    "latency": 653.4061530234811, 
                    "id": 20, 
                    "wc_latency": 2121.9533662844487
                }, 
                {
                    "latency": 422.8581552503651, 
                    "id": 1, 
                    "wc_latency": 1128.869595846214
                }, 
                {
                    "latency": 436.76245589238704, 
                    "id": 5, 
                    "wc_latency": 745.7875821828601
                }, 
                {
                    "latency": 829.3386837577197, 
                    "id": 9, 
                    "wc_latency": 2709.1086569434333
                }, 
                {
                    "latency": 617.3689757716644, 
                    "id": 13, 
                    "wc_latency": 2630.7854353113785
                }, 
                {
                    "latency": 502.7831269377285, 
                    "id": 17, 
                    "wc_latency": 2121.9533662844487
                }, 
                {
                    "latency": 374.8226858854641, 
                    "id": 2, 
                    "wc_latency": 960.3238973656773
                }, 
                {
                    "latency": 674.3259665072841, 
                    "id": 6, 
                    "wc_latency": 2630.7854353113785
                }, 
                {
                    "latency": 651.1751642397688, 
                    "id": 10, 
                    "wc_latency": 2121.9533662844487
                }, 
                {
                    "latency": 526.8610838635194, 
                    "id": 14, 
                    "wc_latency": 2121.9533662844487
                }, 
                {
                    "latency": 589.141202549983, 
                    "id": 18, 
                    "wc_latency": 2426.7028014642697
                }, 
                {
                    "latency": 374.5817969121022, 
                    "id": 3, 
                    "wc_latency": 924.7869619991051
                }, 
                {
                    "latency": 600.6758947361026, 
                    "id": 7, 
                    "wc_latency": 2462.239736830842
                }, 
                {
                    "latency": 678.1744168934977, 
                    "id": 11, 
                    "wc_latency": 2462.239736830842
                }, 
                {
                    "latency": 706.2643995089718, 
                    "id": 15, 
                    "wc_latency": 2426.7028014642697
                }, 
                {
                    "latency": 507.73938750341495, 
                    "id": 19, 
                    "wc_latency": 2121.9533662844487
                }
            ], 
            "wc_latency": {
                "lowest": 745.7875821828601, 
                "highest_combo": [
                    1, 
                    5
                ], 
                "lowest_combo": [
                    0, 
                    6
                ], 
                "sum": 41818.95036678344, 
                "num": 21, 
                "duration": 0.009195804595947266, 
                "highest": 2709.1086569434333, 
                "mean": 1991.3785888944496
            }
        }, 
        "4": {
            "latency": {
                "lowest": 111.61778822134748, 
                "highest_combo": [
                    1, 
                    2, 
                    3, 
                    4
                ], 
                "lowest_combo": [
                    0, 
                    1, 
                    4, 
                    5
                ], 
                "sum": 9794.5294254812, 
                "num": 35, 
                "duration": 0.0006322860717773438, 
                "highest": 556.1706731141609, 
                "mean": 279.84369787089145
            }, 
            "distribution": [
                {
                    "latency": 224.72895949065327, 
                    "id": 0, 
                    "wc_latency": 960.3238973656773
                }, 
                {
                    "latency": 233.69724574602282, 
                    "id": 4, 
                    "wc_latency": 924.7869619991051
                }, 
                {
                    "latency": 120.72386508292452, 
                    "id": 8, 
                    "wc_latency": 605.4474863667904
                }, 
                {
                    "latency": 175.44853034176387, 
                    "id": 12, 
                    "wc_latency": 605.4474863667904
                }, 
                {
                    "latency": 227.48014758563244, 
                    "id": 16, 
                    "wc_latency": 881.2672748763727
                }, 
                {
                    "latency": 556.1706731141609, 
                    "id": 20, 
                    "wc_latency": 2426.7028014642697
                }, 
                {
                    "latency": 394.70539828825883, 
                    "id": 24, 
                    "wc_latency": 2121.9533662844487
                }, 
                {
                    "latency": 332.4113016483321, 
                    "id": 28, 
                    "wc_latency": 2121.9533662844487
                }, 
                {
                    "latency": 392.0922274728579, 
                    "id": 32, 
                    "wc_latency": 2121.9533662844487
                }, 
                {
                    "latency": 214.57554938591835, 
                    "id": 1, 
                    "wc_latency": 924.7869619991051
                }, 
                {
                    "latency": 111.73823270802845, 
                    "id": 5, 
                    "wc_latency": 577.2418837023233
                }, 
                {
                    "latency": 261.5464710038776, 
                    "id": 9, 
                    "wc_latency": 711.8784649890691
                }, 
                {
                    "latency": 184.16004981305605, 
                    "id": 13, 
                    "wc_latency": 711.8784649890691
                }, 
                {
                    "latency": 194.5702267018683, 
                    "id": 17, 
                    "wc_latency": 605.4474863667904
                }, 
                {
                    "latency": 439.28836512853394, 
                    "id": 21, 
                    "wc_latency": 2462.239736830842
                }, 
                {
                    "latency": 356.489258574123, 
                    "id": 25, 
                    "wc_latency": 2121.9533662844487
                }, 
                {
                    "latency": 337.36756221401856, 
                    "id": 29, 
                    "wc_latency": 2121.9533662844487
                }, 
                {
                    "latency": 392.0922274728579, 
                    "id": 33, 
                    "wc_latency": 2121.9533662844487
                }, 
                {
                    "latency": 137.23239062762815, 
                    "id": 2, 
                    "wc_latency": 587.1552906589844
                }, 
                {
                    "latency": 115.76760451723803, 
                    "id": 6, 
                    "wc_latency": 605.4474863667904
                }, 
                {
                    "latency": 311.1957679034179, 
                    "id": 10, 
                    "wc_latency": 924.7869619991051
                }, 
                {
                    "latency": 175.44853034176387, 
                    "id": 14, 
                    "wc_latency": 605.4474863667904
                }, 
                {
                    "latency": 113.15443370183718, 
                    "id": 18, 
                    "wc_latency": 587.1552906589844
                }, 
                {
                    "latency": 394.70539828825883, 
                    "id": 22, 
                    "wc_latency": 2121.9533662844487
                }, 
                {
                    "latency": 448.25665138390343, 
                    "id": 26, 
                    "wc_latency": 2426.7028014642697
                }, 
                {
                    "latency": 525.7551735412985, 
                    "id": 30, 
                    "wc_latency": 2426.7028014642697
                }, 
                {
                    "latency": 411.2139238329624, 
                    "id": 34, 
                    "wc_latency": 2121.9533662844487
                }, 
                {
                    "latency": 139.845561443029, 
                    "id": 3, 
                    "wc_latency": 605.4474863667904
                }, 
                {
                    "latency": 111.61778822134748, 
                    "id": 7, 
                    "wc_latency": 541.704948335751
                }, 
                {
                    "latency": 189.23675486542353, 
                    "id": 11, 
                    "wc_latency": 711.8784649890691
                }, 
                {
                    "latency": 137.23239062762815, 
                    "id": 15, 
                    "wc_latency": 587.1552906589844
                }, 
                {
                    "latency": 118.11069426752367, 
                    "id": 19, 
                    "wc_latency": 587.1552906589844
                }, 
                {
                    "latency": 429.134955023799, 
                    "id": 23, 
                    "wc_latency": 2426.7028014642697
                }, 
                {
                    "latency": 413.82709464836324, 
                    "id": 27, 
                    "wc_latency": 2121.9533662844487
                }, 
                {
                    "latency": 473.50802047288914, 
                    "id": 31, 
                    "wc_latency": 2121.9533662844487
                }
            ], 
            "wc_latency": {
                "lowest": 541.704948335751, 
                "highest_combo": [
                    1, 
                    2, 
                    3, 
                    5
                ], 
                "lowest_combo": [
                    0, 
                    1, 
                    4, 
                    5
                ], 
                "sum": 47240.424971613735, 
                "num": 35, 
                "duration": 0.00047016143798828125, 
                "highest": 2462.239736830842, 
                "mean": 1349.7264277603924
            }
        }
    }
}