{
    "group": [
        "1", 
        "2", 
        "3", 
        "4"
    ], 
    "metric": [
        "latency", 
        "wc_latency"
    ], 
    "data": {
        "1": {
            "latency": {
                "lowest": 4049.569693819454, 
                "highest_combo": [
                    10
                ], 
                "lowest_combo": [
                    1
                ], 
                "sum": 48720.51233539564, 
                "num": 9, 
                "duration": 0.0022079944610595703, 
                "highest": 7482.067063948298, 
                "mean": 5413.390259488404
            }, 
            "distribution": [
                {
                    "latency": 6961.899239852243, 
                    "id": 0, 
                    "wc_latency": 13371.348705619814
                }, 
                {
                    "latency": 4227.736678817925, 
                    "id": 4, 
                    "wc_latency": 9598.982542419635
                }, 
                {
                    "latency": 4864.462285350306, 
                    "id": 8, 
                    "wc_latency": 9529.97372006157
                }, 
                {
                    "latency": 4049.569693819454, 
                    "id": 1, 
                    "wc_latency": 8958.137801168445
                }, 
                {
                    "latency": 7482.067063948298, 
                    "id": 5, 
                    "wc_latency": 13371.348705619814
                }, 
                {
                    "latency": 6442.7437156403885, 
                    "id": 2, 
                    "wc_latency": 12783.364856486618
                }, 
                {
                    "latency": 4878.077472756866, 
                    "id": 6, 
                    "wc_latency": 9256.562728512643
                }, 
                {
                    "latency": 4803.590409584945, 
                    "id": 3, 
                    "wc_latency": 9514.367640643115
                }, 
                {
                    "latency": 5010.365775625209, 
                    "id": 7, 
                    "wc_latency": 9684.83698542187
                }
            ], 
            "wc_latency": {
                "lowest": 8958.137801168445, 
                "highest_combo": [
                    0
                ], 
                "lowest_combo": [
                    1
                ], 
                "sum": 96068.92368595352, 
                "num": 9, 
                "duration": 0.0006034374237060547, 
                "highest": 13371.348705619814, 
                "mean": 10674.324853994834
            }
        }, 
        "3": {
            "latency": {
                "lowest": 1360.1339169044256, 
                "highest_combo": [
                    0, 
                    8, 
                    11
                ], 
                "lowest_combo": [
                    0, 
                    1, 
                    11
                ], 
                "sum": 189859.60176477497, 
                "num": 84, 
                "duration": 0.0016322135925292969, 
                "highest": 3868.9894940022227, 
                "mean": 2260.2333543425593
            }, 
            "distribution": [
                {
                    "latency": 1839.1266844451102, 
                    "id": 0, 
                    "wc_latency": 4413.210904451369
                }, 
                {
                    "latency": 1360.1339169044256, 
                    "id": 4, 
                    "wc_latency": 4413.210904451369
                }, 
                {
                    "latency": 2052.7415981955073, 
                    "id": 8, 
                    "wc_latency": 5054.05564570256
                }, 
                {
                    "latency": 2162.2501095689568, 
                    "id": 12, 
                    "wc_latency": 6219.900417185434
                }, 
                {
                    "latency": 1851.888095277501, 
                    "id": 16, 
                    "wc_latency": 6725.792676933121
                }, 
                {
                    "latency": 2145.5318820111147, 
                    "id": 20, 
                    "wc_latency": 5092.557017910314
                }, 
                {
                    "latency": 2286.2062737848314, 
                    "id": 24, 
                    "wc_latency": 6363.354846593307
                }, 
                {
                    "latency": 1360.1339169044256, 
                    "id": 28, 
                    "wc_latency": 4413.210904451369
                }, 
                {
                    "latency": 1831.7056755142055, 
                    "id": 32, 
                    "wc_latency": 4413.210904451369
                }, 
                {
                    "latency": 2059.9721767817, 
                    "id": 36, 
                    "wc_latency": 5905.795645913178
                }, 
                {
                    "latency": 2159.636993406265, 
                    "id": 40, 
                    "wc_latency": 6363.354846593307
                }, 
                {
                    "latency": 3089.1654644866817, 
                    "id": 44, 
                    "wc_latency": 8370.153952035249
                }, 
                {
                    "latency": 3400.9318346336963, 
                    "id": 48, 
                    "wc_latency": 8370.153952035249
                }, 
                {
                    "latency": 1851.888095277501, 
                    "id": 52, 
                    "wc_latency": 6725.792676933121
                }, 
                {
                    "latency": 1902.910646764338, 
                    "id": 56, 
                    "wc_latency": 5054.05564570256
                }, 
                {
                    "latency": 1742.8354667382903, 
                    "id": 60, 
                    "wc_latency": 3918.1862148838723
                }, 
                {
                    "latency": 1781.215317622037, 
                    "id": 64, 
                    "wc_latency": 5905.795645913178
                }, 
                {
                    "latency": 3466.1304430094597, 
                    "id": 68, 
                    "wc_latency": 6725.792676933121
                }, 
                {
                    "latency": 2383.0956019055466, 
                    "id": 72, 
                    "wc_latency": 6219.900417185434
                }, 
                {
                    "latency": 3153.064595353681, 
                    "id": 76, 
                    "wc_latency": 8774.636631533947
                }, 
                {
                    "latency": 1975.2858455924595, 
                    "id": 80, 
                    "wc_latency": 6363.354846593307
                }, 
                {
                    "latency": 1360.1339169044256, 
                    "id": 1, 
                    "wc_latency": 4413.210904451369
                }, 
                {
                    "latency": 2116.7829345325836, 
                    "id": 5, 
                    "wc_latency": 5101.156736191746
                }, 
                {
                    "latency": 3310.1969859289, 
                    "id": 9, 
                    "wc_latency": 6725.792676933121
                }, 
                {
                    "latency": 1573.7488306548225, 
                    "id": 13, 
                    "wc_latency": 5054.05564570256
                }, 
                {
                    "latency": 1683.2573420282724, 
                    "id": 17, 
                    "wc_latency": 6219.900417185434
                }, 
                {
                    "latency": 2145.5318820111147, 
                    "id": 21, 
                    "wc_latency": 5092.557017910314
                }, 
                {
                    "latency": 1851.888095277501, 
                    "id": 25, 
                    "wc_latency": 6725.792676933121
                }, 
                {
                    "latency": 2039.607116718248, 
                    "id": 29, 
                    "wc_latency": 4413.210904451369
                }, 
                {
                    "latency": 1831.7056755142055, 
                    "id": 33, 
                    "wc_latency": 4413.210904451369
                }, 
                {
                    "latency": 1850.0557298288606, 
                    "id": 37, 
                    "wc_latency": 5905.795645913178
                }, 
                {
                    "latency": 3373.974894412528, 
                    "id": 41, 
                    "wc_latency": 7792.382065961141
                }, 
                {
                    "latency": 3259.7174953557383, 
                    "id": 45, 
                    "wc_latency": 8774.636631533947
                }, 
                {
                    "latency": 1573.7488306548225, 
                    "id": 49, 
                    "wc_latency": 5054.05564570256
                }, 
                {
                    "latency": 1683.2573420282724, 
                    "id": 53, 
                    "wc_latency": 6219.900417185434
                }, 
                {
                    "latency": 1902.910646764338, 
                    "id": 57, 
                    "wc_latency": 5054.05564570256
                }, 
                {
                    "latency": 1851.888095277501, 
                    "id": 61, 
                    "wc_latency": 6725.792676933121
                }, 
                {
                    "latency": 2273.5870905320967, 
                    "id": 65, 
                    "wc_latency": 5905.795645913178
                }, 
                {
                    "latency": 1873.6060232190976, 
                    "id": 69, 
                    "wc_latency": 5905.795645913178
                }, 
                {
                    "latency": 2273.6951703926334, 
                    "id": 73, 
                    "wc_latency": 6219.900417185434
                }, 
                {
                    "latency": 2022.9405234523547, 
                    "id": 77, 
                    "wc_latency": 6363.354846593307
                }, 
                {
                    "latency": 1862.865343426307, 
                    "id": 81, 
                    "wc_latency": 6363.354846593307
                }, 
                {
                    "latency": 2254.538885981798, 
                    "id": 2, 
                    "wc_latency": 4843.351824061273
                }, 
                {
                    "latency": 2116.7829345325836, 
                    "id": 6, 
                    "wc_latency": 5101.156736191746
                }, 
                {
                    "latency": 3735.6840214816234, 
                    "id": 10, 
                    "wc_latency": 9256.562728512643
                }, 
                {
                    "latency": 2766.2921831321855, 
                    "id": 14, 
                    "wc_latency": 6725.792676933121
                }, 
                {
                    "latency": 2005.4864985541587, 
                    "id": 18, 
                    "wc_latency": 5092.557017910314
                }, 
                {
                    "latency": 2831.204218388216, 
                    "id": 22, 
                    "wc_latency": 6725.792676933121
                }, 
                {
                    "latency": 1683.2573420282724, 
                    "id": 26, 
                    "wc_latency": 6219.900417185434
                }, 
                {
                    "latency": 1620.4553208071175, 
                    "id": 30, 
                    "wc_latency": 3918.1862148838723
                }, 
                {
                    "latency": 2057.9571710329033, 
                    "id": 34, 
                    "wc_latency": 5905.795645913178
                }, 
                {
                    "latency": 1850.0557298288606, 
                    "id": 38, 
                    "wc_latency": 5905.795645913178
                }, 
                {
                    "latency": 3544.526925281585, 
                    "id": 42, 
                    "wc_latency": 8774.636631533947
                }, 
                {
                    "latency": 1951.7355522022222, 
                    "id": 46, 
                    "wc_latency": 6363.354846593307
                }, 
                {
                    "latency": 2766.2921831321855, 
                    "id": 50, 
                    "wc_latency": 6725.792676933121
                }, 
                {
                    "latency": 1762.865263307382, 
                    "id": 54, 
                    "wc_latency": 3918.1862148838723
                }, 
                {
                    "latency": 2831.204218388216, 
                    "id": 58, 
                    "wc_latency": 6725.792676933121
                }, 
                {
                    "latency": 1683.2573420282724, 
                    "id": 62, 
                    "wc_latency": 6219.900417185434
                }, 
                {
                    "latency": 1921.2607010789927, 
                    "id": 66, 
                    "wc_latency": 5905.795645913178
                }, 
                {
                    "latency": 1761.1855210529452, 
                    "id": 70, 
                    "wc_latency": 5905.795645913178
                }, 
                {
                    "latency": 1882.895139995399, 
                    "id": 74, 
                    "wc_latency": 6363.354846593307
                }, 
                {
                    "latency": 2022.9405234523547, 
                    "id": 78, 
                    "wc_latency": 6363.354846593307
                }, 
                {
                    "latency": 3824.2198111130647, 
                    "id": 82, 
                    "wc_latency": 9529.97372006157
                }, 
                {
                    "latency": 1905.5325798254953, 
                    "id": 3, 
                    "wc_latency": 5101.156736191746
                }, 
                {
                    "latency": 3743.535652354059, 
                    "id": 7, 
                    "wc_latency": 9514.367640643115
                }, 
                {
                    "latency": 2330.8808628181855, 
                    "id": 11, 
                    "wc_latency": 6725.792676933121
                }, 
                {
                    "latency": 3868.9894940022227, 
                    "id": 15, 
                    "wc_latency": 9256.562728512643
                }, 
                {
                    "latency": 1573.7488306548228, 
                    "id": 19, 
                    "wc_latency": 5054.05564570256
                }, 
                {
                    "latency": 2398.6267759509838, 
                    "id": 23, 
                    "wc_latency": 6363.354846593307
                }, 
                {
                    "latency": 2798.715923124519, 
                    "id": 27, 
                    "wc_latency": 6363.354846593307
                }, 
                {
                    "latency": 1360.1339169044256, 
                    "id": 31, 
                    "wc_latency": 4413.210904451369
                }, 
                {
                    "latency": 1638.8053751217724, 
                    "id": 35, 
                    "wc_latency": 5905.795645913178
                }, 
                {
                    "latency": 3353.6655894227742, 
                    "id": 39, 
                    "wc_latency": 8958.137801168445
                }, 
                {
                    "latency": 1740.4851974951341, 
                    "id": 43, 
                    "wc_latency": 6363.354846593307
                }, 
                {
                    "latency": 1951.7355522022222, 
                    "id": 47, 
                    "wc_latency": 6363.354846593307
                }, 
                {
                    "latency": 3868.9894940022227, 
                    "id": 51, 
                    "wc_latency": 9256.562728512643
                }, 
                {
                    "latency": 1573.7488306548228, 
                    "id": 55, 
                    "wc_latency": 5054.05564570256
                }, 
                {
                    "latency": 1855.2559689044429, 
                    "id": 59, 
                    "wc_latency": 3918.1862148838723
                }, 
                {
                    "latency": 2255.3451160779787, 
                    "id": 63, 
                    "wc_latency": 6219.900417185434
                }, 
                {
                    "latency": 1921.2607010789927, 
                    "id": 67, 
                    "wc_latency": 5905.795645913178
                }, 
                {
                    "latency": 2551.7263551547753, 
                    "id": 71, 
                    "wc_latency": 6725.792676933121
                }, 
                {
                    "latency": 2982.512564484624, 
                    "id": 75, 
                    "wc_latency": 7792.382065961141
                }, 
                {
                    "latency": 3365.48390588177, 
                    "id": 79, 
                    "wc_latency": 7792.382065961141
                }, 
                {
                    "latency": 2375.3749927659946, 
                    "id": 83, 
                    "wc_latency": 6363.354846593307
                }
            ], 
            "wc_latency": {
                "lowest": 3918.1862148838723, 
                "highest_combo": [
                    10, 
                    13, 
                    14
                ], 
                "lowest_combo": [
                    7, 
                    10, 
                    14
                ], 
                "sum": 522150.9266168376, 
                "num": 84, 
                "duration": 0.001188039779663086, 
                "highest": 9529.97372006157, 
                "mean": 6216.082459724257
            }
        }, 
        "2": {
            "latency": {
                "lowest": 2110.8120879683806, 
                "highest_combo": [
                    0, 
                    7
                ], 
                "lowest_combo": [
                    1, 
                    7
                ], 
                "sum": 120126.72287347891, 
                "num": 36, 
                "duration": 0.010271787643432617, 
                "highest": 5815.446565424111, 
                "mean": 3336.853413152192
            }, 
            "distribution": [
                {
                    "latency": 2395.8893469867585, 
                    "id": 0, 
                    "wc_latency": 5101.156736191746
                }, 
                {
                    "latency": 4125.253196498711, 
                    "id": 4, 
                    "wc_latency": 6725.792676933121
                }, 
                {
                    "latency": 2110.8120879683806, 
                    "id": 8, 
                    "wc_latency": 4413.210904451369
                }, 
                {
                    "latency": 2230.8419646563975, 
                    "id": 12, 
                    "wc_latency": 6363.354846593307
                }, 
                {
                    "latency": 2324.427001718778, 
                    "id": 16, 
                    "wc_latency": 5054.05564570256
                }, 
                {
                    "latency": 2433.9355130922277, 
                    "id": 20, 
                    "wc_latency": 6219.900417185434
                }, 
                {
                    "latency": 2620.916320656111, 
                    "id": 24, 
                    "wc_latency": 6725.792676933121
                }, 
                {
                    "latency": 3544.074302896019, 
                    "id": 28, 
                    "wc_latency": 7792.382065961141
                }, 
                {
                    "latency": 4173.362238996369, 
                    "id": 32, 
                    "wc_latency": 9529.97372006157
                }, 
                {
                    "latency": 5815.446565424111, 
                    "id": 1, 
                    "wc_latency": 12783.364856486618
                }, 
                {
                    "latency": 4007.369425004894, 
                    "id": 5, 
                    "wc_latency": 9256.562728512643
                }, 
                {
                    "latency": 2129.1621422830353, 
                    "id": 9, 
                    "wc_latency": 5905.795645913178
                }, 
                {
                    "latency": 3579.5222316479453, 
                    "id": 13, 
                    "wc_latency": 8370.153952035249
                }, 
                {
                    "latency": 3581.88238945217, 
                    "id": 17, 
                    "wc_latency": 6725.792676933121
                }, 
                {
                    "latency": 2342.777056033432, 
                    "id": 21, 
                    "wc_latency": 5905.795645913178
                }, 
                {
                    "latency": 2452.2855674068824, 
                    "id": 25, 
                    "wc_latency": 6219.900417185434
                }, 
                {
                    "latency": 3714.626333765076, 
                    "id": 29, 
                    "wc_latency": 8774.636631533947
                }, 
                {
                    "latency": 2722.596143029473, 
                    "id": 33, 
                    "wc_latency": 6725.792676933121
                }, 
                {
                    "latency": 4015.2210558773286, 
                    "id": 2, 
                    "wc_latency": 9514.367640643115
                }, 
                {
                    "latency": 3145.9370733879973, 
                    "id": 6, 
                    "wc_latency": 6725.792676933121
                }, 
                {
                    "latency": 3844.022356584037, 
                    "id": 10, 
                    "wc_latency": 8958.137801168445
                }, 
                {
                    "latency": 3750.0742625170014, 
                    "id": 14, 
                    "wc_latency": 8774.636631533947
                }, 
                {
                    "latency": 4007.369425004894, 
                    "id": 18, 
                    "wc_latency": 9256.562728512643
                }, 
                {
                    "latency": 3535.3204085107955, 
                    "id": 22, 
                    "wc_latency": 6725.792676933121
                }, 
                {
                    "latency": 3666.17494040653, 
                    "id": 26, 
                    "wc_latency": 9598.982542419635
                }, 
                {
                    "latency": 3701.912266140187, 
                    "id": 30, 
                    "wc_latency": 6725.792676933121
                }, 
                {
                    "latency": 2553.9653897802436, 
                    "id": 34, 
                    "wc_latency": 6363.354846593307
                }, 
                {
                    "latency": 2567.048236965554, 
                    "id": 3, 
                    "wc_latency": 5092.557017910314
                }, 
                {
                    "latency": 2977.3063201387686, 
                    "id": 7, 
                    "wc_latency": 6363.354846593307
                }, 
                {
                    "latency": 3559.212926658191, 
                    "id": 11, 
                    "wc_latency": 8958.137801168445
                }, 
                {
                    "latency": 4034.5621842063356, 
                    "id": 15, 
                    "wc_latency": 9514.367640643115
                }, 
                {
                    "latency": 2602.566266341457, 
                    "id": 19, 
                    "wc_latency": 6725.792676933121
                }, 
                {
                    "latency": 4638.017719380832, 
                    "id": 23, 
                    "wc_latency": 9256.562728512643
                }, 
                {
                    "latency": 2444.456878406794, 
                    "id": 27, 
                    "wc_latency": 6363.354846593307
                }, 
                {
                    "latency": 4263.055478188196, 
                    "id": 31, 
                    "wc_latency": 9684.83698542187
                }, 
                {
                    "latency": 4515.319857467001, 
                    "id": 35, 
                    "wc_latency": 9529.97372006157
                }
            ], 
            "wc_latency": {
                "lowest": 4413.210904451369, 
                "highest_combo": [
                    0, 
                    7
                ], 
                "lowest_combo": [
                    1, 
                    7
                ], 
                "sum": 272725.773406968, 
                "num": 36, 
                "duration": 0.0005512237548828125, 
                "highest": 12783.364856486618, 
                "mean": 7575.715927971333
            }
        }, 
        "4": {
            "latency": {
                "lowest": 869.7771497431625, 
                "highest_combo": [
                    0, 
                    7, 
                    8, 
                    11
                ], 
                "lowest_combo": [
                    1, 
                    7, 
                    8, 
                    10
                ], 
                "sum": 196927.9881837393, 
                "num": 126, 
                "duration": 0.0023491382598876953, 
                "highest": 3597.3040904789523, 
                "mean": 1562.9205411407881
            }, 
            "distribution": [
                {
                    "latency": 1088.4485133811552, 
                    "id": 0, 
                    "wc_latency": 4413.210904451369
                }, 
                {
                    "latency": 1560.0202719909353, 
                    "id": 4, 
                    "wc_latency": 4413.210904451369
                }, 
                {
                    "latency": 1290.94395140309, 
                    "id": 8, 
                    "wc_latency": 4413.210904451369
                }, 
                {
                    "latency": 1288.9289456542933, 
                    "id": 12, 
                    "wc_latency": 4413.210904451369
                }, 
                {
                    "latency": 1626.4261673713206, 
                    "id": 16, 
                    "wc_latency": 5101.156736191746
                }, 
                {
                    "latency": 1938.1925375183346, 
                    "id": 20, 
                    "wc_latency": 5101.156736191746
                }, 
                {
                    "latency": 1580.2026917542307, 
                    "id": 24, 
                    "wc_latency": 6725.792676933121
                }, 
                {
                    "latency": 1631.2252432410676, 
                    "id": 28, 
                    "wc_latency": 5054.05564570256
                }, 
                {
                    "latency": 1471.1500632150198, 
                    "id": 32, 
                    "wc_latency": 3918.1862148838723
                }, 
                {
                    "latency": 1012.187092243427, 
                    "id": 36, 
                    "wc_latency": 2953.4265137329417
                }, 
                {
                    "latency": 2697.10221763085, 
                    "id": 40, 
                    "wc_latency": 6725.792676933121
                }, 
                {
                    "latency": 1614.0673765269369, 
                    "id": 44, 
                    "wc_latency": 6219.900417185434
                }, 
                {
                    "latency": 1583.9701435997194, 
                    "id": 48, 
                    "wc_latency": 5092.557017910314
                }, 
                {
                    "latency": 1104.5777978404878, 
                    "id": 52, 
                    "wc_latency": 2953.4265137329417
                }, 
                {
                    "latency": 1288.9289456542933, 
                    "id": 56, 
                    "wc_latency": 4413.210904451369
                }, 
                {
                    "latency": 1081.0275044502507, 
                    "id": 60, 
                    "wc_latency": 4413.210904451369
                }, 
                {
                    "latency": 1760.5007042640734, 
                    "id": 64, 
                    "wc_latency": 4413.210904451369
                }, 
                {
                    "latency": 1081.0275044502507, 
                    "id": 68, 
                    "wc_latency": 4413.210904451369
                }, 
                {
                    "latency": 1988.7672055315675, 
                    "id": 72, 
                    "wc_latency": 5905.795645913178
                }, 
                {
                    "latency": 1359.6989626675975, 
                    "id": 76, 
                    "wc_latency": 5905.795645913178
                }, 
                {
                    "latency": 1671.4653328146114, 
                    "id": 80, 
                    "wc_latency": 5905.795645913178
                }, 
                {
                    "latency": 1880.53058095209, 
                    "id": 84, 
                    "wc_latency": 6363.354846593307
                }, 
                {
                    "latency": 1461.3787850409592, 
                    "id": 88, 
                    "wc_latency": 6363.354846593307
                }, 
                {
                    "latency": 1504.5588651534867, 
                    "id": 92, 
                    "wc_latency": 5054.05564570256
                }, 
                {
                    "latency": 1104.5777978404878, 
                    "id": 96, 
                    "wc_latency": 2953.4265137329417
                }, 
                {
                    "latency": 1504.6669450140234, 
                    "id": 100, 
                    "wc_latency": 6219.900417185434
                }, 
                {
                    "latency": 1152.2324757003832, 
                    "id": 104, 
                    "wc_latency": 5054.05564570256
                }, 
                {
                    "latency": 992.1572956743353, 
                    "id": 108, 
                    "wc_latency": 2447.5342539852554
                }, 
                {
                    "latency": 1359.6989626675975, 
                    "id": 112, 
                    "wc_latency": 5905.795645913178
                }, 
                {
                    "latency": 1742.6703040647437, 
                    "id": 116, 
                    "wc_latency": 5905.795645913178
                }, 
                {
                    "latency": 2204.5052048912976, 
                    "id": 120, 
                    "wc_latency": 6219.900417185434
                }, 
                {
                    "latency": 1844.3501264381057, 
                    "id": 124, 
                    "wc_latency": 6363.354846593307
                }, 
                {
                    "latency": 1767.921713194978, 
                    "id": 1, 
                    "wc_latency": 4413.210904451369
                }, 
                {
                    "latency": 1560.0202719909353, 
                    "id": 5, 
                    "wc_latency": 4413.210904451369
                }, 
                {
                    "latency": 1081.0275044502507, 
                    "id": 9, 
                    "wc_latency": 4413.210904451369
                }, 
                {
                    "latency": 1975.4324735276232, 
                    "id": 13, 
                    "wc_latency": 4843.351824061273
                }, 
                {
                    "latency": 1626.4261673713206, 
                    "id": 17, 
                    "wc_latency": 5101.156736191746
                }, 
                {
                    "latency": 1302.063427131552, 
                    "id": 21, 
                    "wc_latency": 5054.05564570256
                }, 
                {
                    "latency": 1411.571938505002, 
                    "id": 25, 
                    "wc_latency": 6219.900417185434
                }, 
                {
                    "latency": 1631.2252432410676, 
                    "id": 29, 
                    "wc_latency": 5054.05564570256
                }, 
                {
                    "latency": 1580.2026917542307, 
                    "id": 33, 
                    "wc_latency": 6725.792676933121
                }, 
                {
                    "latency": 1504.5588651534867, 
                    "id": 37, 
                    "wc_latency": 5054.05564570256
                }, 
                {
                    "latency": 1104.5777978404878, 
                    "id": 41, 
                    "wc_latency": 2953.4265137329417
                }, 
                {
                    "latency": 1504.6669450140234, 
                    "id": 45, 
                    "wc_latency": 6219.900417185434
                }, 
                {
                    "latency": 1152.2324757003832, 
                    "id": 49, 
                    "wc_latency": 5054.05564570256
                }, 
                {
                    "latency": 992.1572956743353, 
                    "id": 53, 
                    "wc_latency": 2447.5342539852554
                }, 
                {
                    "latency": 869.7771497431625, 
                    "id": 57, 
                    "wc_latency": 2445.1686317094345
                }, 
                {
                    "latency": 1549.2503495569852, 
                    "id": 61, 
                    "wc_latency": 3918.1862148838723
                }, 
                {
                    "latency": 869.7771497431625, 
                    "id": 65, 
                    "wc_latency": 2445.1686317094345
                }, 
                {
                    "latency": 1081.0275044502507, 
                    "id": 69, 
                    "wc_latency": 4413.210904451369
                }, 
                {
                    "latency": 1778.8507585787283, 
                    "id": 73, 
                    "wc_latency": 5905.795645913178
                }, 
                {
                    "latency": 1359.6989626675975, 
                    "id": 77, 
                    "wc_latency": 5905.795645913178
                }, 
                {
                    "latency": 1669.2802262450018, 
                    "id": 81, 
                    "wc_latency": 6363.354846593307
                }, 
                {
                    "latency": 1880.53058095209, 
                    "id": 85, 
                    "wc_latency": 6363.354846593307
                }, 
                {
                    "latency": 2910.5750674724327, 
                    "id": 89, 
                    "wc_latency": 8370.153952035249
                }, 
                {
                    "latency": 1152.232475700383, 
                    "id": 93, 
                    "wc_latency": 5054.05564570256
                }, 
                {
                    "latency": 992.1572956743353, 
                    "id": 97, 
                    "wc_latency": 2447.5342539852554
                }, 
                {
                    "latency": 1012.187092243427, 
                    "id": 101, 
                    "wc_latency": 2953.4265137329417
                }, 
                {
                    "latency": 1152.2324757003832, 
                    "id": 105, 
                    "wc_latency": 5054.05564570256
                }, 
                {
                    "latency": 1564.245069724041, 
                    "id": 109, 
                    "wc_latency": 3918.1862148838723
                }, 
                {
                    "latency": 1359.6989626675975, 
                    "id": 113, 
                    "wc_latency": 5905.795645913178
                }, 
                {
                    "latency": 1804.416057717762, 
                    "id": 117, 
                    "wc_latency": 5905.795645913178
                }, 
                {
                    "latency": 1461.3787850409592, 
                    "id": 121, 
                    "wc_latency": 6363.354846593307
                }, 
                {
                    "latency": 1684.274946412058, 
                    "id": 125, 
                    "wc_latency": 6363.354846593307
                }, 
                {
                    "latency": 1348.769917283847, 
                    "id": 2, 
                    "wc_latency": 3918.1862148838723
                }, 
                {
                    "latency": 1288.9289456542933, 
                    "id": 6, 
                    "wc_latency": 4413.210904451369
                }, 
                {
                    "latency": 1081.0275044502507, 
                    "id": 10, 
                    "wc_latency": 4413.210904451369
                }, 
                {
                    "latency": 1975.4324735276232, 
                    "id": 14, 
                    "wc_latency": 4843.351824061273
                }, 
                {
                    "latency": 1081.0275044502507, 
                    "id": 18, 
                    "wc_latency": 4413.210904451369
                }, 
                {
                    "latency": 2494.606779608915, 
                    "id": 22, 
                    "wc_latency": 6725.792676933121
                }, 
                {
                    "latency": 1491.1798597841116, 
                    "id": 26, 
                    "wc_latency": 3918.1862148838723
                }, 
                {
                    "latency": 2559.518814864945, 
                    "id": 30, 
                    "wc_latency": 6725.792676933121
                }, 
                {
                    "latency": 1411.571938505002, 
                    "id": 34, 
                    "wc_latency": 6219.900417185434
                }, 
                {
                    "latency": 1152.232475700383, 
                    "id": 38, 
                    "wc_latency": 5054.05564570256
                }, 
                {
                    "latency": 992.1572956743353, 
                    "id": 42, 
                    "wc_latency": 2447.5342539852554
                }, 
                {
                    "latency": 1012.187092243427, 
                    "id": 46, 
                    "wc_latency": 2953.4265137329417
                }, 
                {
                    "latency": 1152.2324757003832, 
                    "id": 50, 
                    "wc_latency": 5054.05564570256
                }, 
                {
                    "latency": 2107.6158767705824, 
                    "id": 54, 
                    "wc_latency": 6363.354846593307
                }, 
                {
                    "latency": 1290.94395140309, 
                    "id": 58, 
                    "wc_latency": 4413.210904451369
                }, 
                {
                    "latency": 1288.9289456542933, 
                    "id": 62, 
                    "wc_latency": 4413.210904451369
                }, 
                {
                    "latency": 1341.3489083529425, 
                    "id": 66, 
                    "wc_latency": 3918.1862148838723
                }, 
                {
                    "latency": 1653.1152784999567, 
                    "id": 70, 
                    "wc_latency": 4413.210904451369
                }, 
                {
                    "latency": 1778.8507585787283, 
                    "id": 74, 
                    "wc_latency": 5905.795645913178
                }, 
                {
                    "latency": 1780.8657643275249, 
                    "id": 78, 
                    "wc_latency": 5905.795645913178
                }, 
                {
                    "latency": 2883.618127251265, 
                    "id": 82, 
                    "wc_latency": 7792.382065961141
                }, 
                {
                    "latency": 3195.384497398279, 
                    "id": 86, 
                    "wc_latency": 7792.382065961141
                }, 
                {
                    "latency": 1773.1451551879734, 
                    "id": 90, 
                    "wc_latency": 6363.354846593307
                }, 
                {
                    "latency": 1152.232475700383, 
                    "id": 94, 
                    "wc_latency": 5054.05564570256
                }, 
                {
                    "latency": 1782.6981297761656, 
                    "id": 98, 
                    "wc_latency": 6725.792676933121
                }, 
                {
                    "latency": 1341.3489083529425, 
                    "id": 102, 
                    "wc_latency": 3918.1862148838723
                }, 
                {
                    "latency": 1724.3202497500888, 
                    "id": 106, 
                    "wc_latency": 5054.05564570256
                }, 
                {
                    "latency": 1504.6669450140232, 
                    "id": 110, 
                    "wc_latency": 6219.900417185434
                }, 
                {
                    "latency": 1852.0707355776572, 
                    "id": 114, 
                    "wc_latency": 5905.795645913178
                }, 
                {
                    "latency": 1691.9955555516094, 
                    "id": 118, 
                    "wc_latency": 5905.795645913178
                }, 
                {
                    "latency": 1461.3787850409592, 
                    "id": 122, 
                    "wc_latency": 6363.354846593307
                }, 
                {
                    "latency": 1088.4485133811552, 
                    "id": 3, 
                    "wc_latency": 4413.210904451369
                }, 
                {
                    "latency": 869.7771497431625, 
                    "id": 7, 
                    "wc_latency": 2445.1686317094345
                }, 
                {
                    "latency": 1764.1821188205352, 
                    "id": 11, 
                    "wc_latency": 4843.351824061273
                }, 
                {
                    "latency": 869.7771497431625, 
                    "id": 15, 
                    "wc_latency": 2445.1686317094345
                }, 
                {
                    "latency": 1081.0275044502507, 
                    "id": 19, 
                    "wc_latency": 4413.210904451369
                }, 
                {
                    "latency": 3597.3040904789523, 
                    "id": 23, 
                    "wc_latency": 9256.562728512643
                }, 
                {
                    "latency": 1302.063427131552, 
                    "id": 27, 
                    "wc_latency": 5054.05564570256
                }, 
                {
                    "latency": 1583.5705653811722, 
                    "id": 31, 
                    "wc_latency": 3918.1862148838723
                }, 
                {
                    "latency": 1983.6597125547078, 
                    "id": 35, 
                    "wc_latency": 6219.900417185434
                }, 
                {
                    "latency": 1152.232475700383, 
                    "id": 39, 
                    "wc_latency": 5054.05564570256
                }, 
                {
                    "latency": 1782.6981297761656, 
                    "id": 43, 
                    "wc_latency": 6725.792676933121
                }, 
                {
                    "latency": 1583.9701435997194, 
                    "id": 47, 
                    "wc_latency": 5092.557017910314
                }, 
                {
                    "latency": 1966.9414849968655, 
                    "id": 51, 
                    "wc_latency": 5092.557017910314
                }, 
                {
                    "latency": 1504.6669450140232, 
                    "id": 55, 
                    "wc_latency": 6219.900417185434
                }, 
                {
                    "latency": 1081.0275044502507, 
                    "id": 59, 
                    "wc_latency": 4413.210904451369
                }, 
                {
                    "latency": 1760.5007042640734, 
                    "id": 63, 
                    "wc_latency": 4413.210904451369
                }, 
                {
                    "latency": 1341.3489083529425, 
                    "id": 67, 
                    "wc_latency": 3918.1862148838723
                }, 
                {
                    "latency": 1567.60040387164, 
                    "id": 71, 
                    "wc_latency": 5905.795645913178
                }, 
                {
                    "latency": 1569.6154096204366, 
                    "id": 75, 
                    "wc_latency": 5905.795645913178
                }, 
                {
                    "latency": 1780.8657643275249, 
                    "id": 79, 
                    "wc_latency": 5905.795645913178
                }, 
                {
                    "latency": 3054.1701581203215, 
                    "id": 83, 
                    "wc_latency": 8774.636631533947
                }, 
                {
                    "latency": 1461.3787850409592, 
                    "id": 87, 
                    "wc_latency": 6363.354846593307
                }, 
                {
                    "latency": 1012.187092243427, 
                    "id": 91, 
                    "wc_latency": 2953.4265137329417
                }, 
                {
                    "latency": 2697.10221763085, 
                    "id": 95, 
                    "wc_latency": 6725.792676933121
                }, 
                {
                    "latency": 1614.0673765269369, 
                    "id": 99, 
                    "wc_latency": 6219.900417185434
                }, 
                {
                    "latency": 1341.3489083529425, 
                    "id": 103, 
                    "wc_latency": 3918.1862148838723
                }, 
                {
                    "latency": 1104.5777978404878, 
                    "id": 107, 
                    "wc_latency": 2953.4265137329417
                }, 
                {
                    "latency": 1712.0253521207012, 
                    "id": 111, 
                    "wc_latency": 5905.795645913178
                }, 
                {
                    "latency": 1852.0707355776572, 
                    "id": 115, 
                    "wc_latency": 5905.795645913178
                }, 
                {
                    "latency": 1582.595124038696, 
                    "id": 119, 
                    "wc_latency": 5905.795645913178
                }, 
                {
                    "latency": 2803.922167470375, 
                    "id": 123, 
                    "wc_latency": 7792.382065961141
                }
            ], 
            "wc_latency": {
                "lowest": 2445.1686317094345, 
                "highest_combo": [
                    0, 
                    7, 
                    8, 
                    11
                ], 
                "lowest_combo": [
                    1, 
                    7, 
                    8, 
                    10
                ], 
                "sum": 648383.6228016007, 
                "num": 126, 
                "duration": 0.001980304718017578, 
                "highest": 9256.562728512643, 
                "mean": 5145.901768266673
            }
        }
    }
}