{
    "group": [
        "1", 
        "2", 
        "3", 
        "4"
    ], 
    "metric": [
        "latency", 
        "wc_latency"
    ], 
    "data": {
        "1": {
            "latency": {
                "lowest": 406.09825478889536, 
                "highest_combo": [
                    6
                ], 
                "lowest_combo": [
                    1
                ], 
                "sum": 3253.9568769410917, 
                "num": 7, 
                "duration": 0.0009868144989013672, 
                "highest": 572.3446539984656, 
                "mean": 464.85098242015596
            }, 
            "distribution": [
                {
                    "latency": 410.7901900017837, 
                    "id": 0, 
                    "wc_latency": 799.4250670716467
                }, 
                {
                    "latency": 449.0879569514207, 
                    "id": 4, 
                    "wc_latency": 881.8278682825704
                }, 
                {
                    "latency": 406.09825478889536, 
                    "id": 1, 
                    "wc_latency": 829.3429625724873
                }, 
                {
                    "latency": 505.1307814993068, 
                    "id": 5, 
                    "wc_latency": 975.3882226097793
                }, 
                {
                    "latency": 408.3565389182966, 
                    "id": 2, 
                    "wc_latency": 845.1509514782955
                }, 
                {
                    "latency": 572.3446539984656, 
                    "id": 6, 
                    "wc_latency": 845.1509514782955
                }, 
                {
                    "latency": 502.1485007829228, 
                    "id": 3, 
                    "wc_latency": 975.3882226097793
                }
            ], 
            "wc_latency": {
                "lowest": 799.4250670716467, 
                "highest_combo": [
                    5
                ], 
                "lowest_combo": [
                    0
                ], 
                "sum": 6151.674246102854, 
                "num": 7, 
                "duration": 0.00031375885009765625, 
                "highest": 975.3882226097793, 
                "mean": 878.810606586122
            }
        }, 
        "3": {
            "latency": {
                "lowest": 99.87224163442907, 
                "highest_combo": [
                    0, 
                    1, 
                    3
                ], 
                "lowest_combo": [
                    0, 
                    4, 
                    6
                ], 
                "sum": 5864.260636114362, 
                "num": 35, 
                "duration": 0.0005135536193847656, 
                "highest": 325.80173201739626, 
                "mean": 167.55030388898177
            }, 
            "distribution": [
                {
                    "latency": 249.69735532356054, 
                    "id": 0, 
                    "wc_latency": 796.4994160822695
                }, 
                {
                    "latency": 219.222391042763, 
                    "id": 4, 
                    "wc_latency": 560.0310252464268
                }, 
                {
                    "latency": 137.199614168491, 
                    "id": 8, 
                    "wc_latency": 410.66131649243016
                }, 
                {
                    "latency": 137.199614168491, 
                    "id": 12, 
                    "wc_latency": 410.66131649243016
                }, 
                {
                    "latency": 143.8371909922542, 
                    "id": 16, 
                    "wc_latency": 560.0310252464268
                }, 
                {
                    "latency": 132.1380653331726, 
                    "id": 20, 
                    "wc_latency": 410.66131649243016
                }, 
                {
                    "latency": 111.2744567564166, 
                    "id": 24, 
                    "wc_latency": 332.09188559556355
                }, 
                {
                    "latency": 243.48522517492526, 
                    "id": 28, 
                    "wc_latency": 596.7079420507017
                }, 
                {
                    "latency": 132.98260020084626, 
                    "id": 32, 
                    "wc_latency": 285.1199262318687
                }, 
                {
                    "latency": 325.80173201739626, 
                    "id": 1, 
                    "wc_latency": 766.5815205814289
                }, 
                {
                    "latency": 188.16857340361443, 
                    "id": 5, 
                    "wc_latency": 564.7269061173491
                }, 
                {
                    "latency": 146.76631524607288, 
                    "id": 9, 
                    "wc_latency": 560.0310252464268
                }, 
                {
                    "latency": 99.87224163442907, 
                    "id": 13, 
                    "wc_latency": 285.1199262318687
                }, 
                {
                    "latency": 122.49866117025468, 
                    "id": 17, 
                    "wc_latency": 410.66131649243016
                }, 
                {
                    "latency": 190.80396768923404, 
                    "id": 21, 
                    "wc_latency": 560.0310252464268
                }, 
                {
                    "latency": 172.25561434578316, 
                    "id": 25, 
                    "wc_latency": 560.0310252464268
                }, 
                {
                    "latency": 201.58913322181297, 
                    "id": 29, 
                    "wc_latency": 564.7269061173491
                }, 
                {
                    "latency": 154.3211300228458, 
                    "id": 33, 
                    "wc_latency": 434.48963498586534
                }, 
                {
                    "latency": 175.1847385996018, 
                    "id": 2, 
                    "wc_latency": 560.0310252464268
                }, 
                {
                    "latency": 139.14525577936595, 
                    "id": 6, 
                    "wc_latency": 560.0310252464268
                }, 
                {
                    "latency": 136.83000054606086, 
                    "id": 10, 
                    "wc_latency": 410.66131649243016
                }, 
                {
                    "latency": 111.2744567564166, 
                    "id": 14, 
                    "wc_latency": 364.9354320857814
                }, 
                {
                    "latency": 141.89154938137926, 
                    "id": 18, 
                    "wc_latency": 410.66131649243016
                }, 
                {
                    "latency": 141.89154938137926, 
                    "id": 22, 
                    "wc_latency": 410.66131649243016
                }, 
                {
                    "latency": 150.91708452378361, 
                    "id": 26, 
                    "wc_latency": 410.66131649243016
                }, 
                {
                    "latency": 201.58913322181297, 
                    "id": 30, 
                    "wc_latency": 564.7269061173491
                }, 
                {
                    "latency": 302.44485749918573, 
                    "id": 34, 
                    "wc_latency": 650.0553583176501
                }, 
                {
                    "latency": 160.55648868670156, 
                    "id": 3, 
                    "wc_latency": 410.66131649243016
                }, 
                {
                    "latency": 117.80672595736642, 
                    "id": 7, 
                    "wc_latency": 410.66131649243016
                }, 
                {
                    "latency": 195.4959029021223, 
                    "id": 11, 
                    "wc_latency": 560.0310252464268
                }, 
                {
                    "latency": 188.16857340361443, 
                    "id": 15, 
                    "wc_latency": 564.7269061173491
                }, 
                {
                    "latency": 146.76631524607288, 
                    "id": 19, 
                    "wc_latency": 560.0310252464268
                }, 
                {
                    "latency": 104.56417684731733, 
                    "id": 23, 
                    "wc_latency": 285.1199262318687
                }, 
                {
                    "latency": 170.30997273490817, 
                    "id": 27, 
                    "wc_latency": 410.66131649243016
                }, 
                {
                    "latency": 170.30997273490817, 
                    "id": 31, 
                    "wc_latency": 410.66131649243016
                }
            ], 
            "wc_latency": {
                "lowest": 285.1199262318687, 
                "highest_combo": [
                    0, 
                    1, 
                    2
                ], 
                "lowest_combo": [
                    3, 
                    4, 
                    6
                ], 
                "sum": 17023.843617991268, 
                "num": 35, 
                "duration": 0.00044226646423339844, 
                "highest": 796.4994160822695, 
                "mean": 486.39553194260765
            }
        }, 
        "2": {
            "latency": {
                "lowest": 169.94035911247803, 
                "highest_combo": [
                    4, 
                    5
                ], 
                "lowest_combo": [
                    0, 
                    5
                ], 
                "sum": 5670.1861735229795, 
                "num": 21, 
                "duration": 0.0011415481567382812, 
                "highest": 406.41089730742164, 
                "mean": 270.00886540585617
            }, 
            "distribution": [
                {
                    "latency": 392.02244915023067, 
                    "id": 0, 
                    "wc_latency": 796.4994160822695
                }, 
                {
                    "latency": 169.94035911247803, 
                    "id": 4, 
                    "wc_latency": 410.66131649243016
                }, 
                {
                    "latency": 184.5686090253783, 
                    "id": 8, 
                    "wc_latency": 560.0310252464268
                }, 
                {
                    "latency": 286.1622848189243, 
                    "id": 12, 
                    "wc_latency": 596.7079420507017
                }, 
                {
                    "latency": 212.98703237890726, 
                    "id": 16, 
                    "wc_latency": 434.48963498586534
                }, 
                {
                    "latency": 387.3810266458442, 
                    "id": 20, 
                    "wc_latency": 796.4994160822695
                }, 
                {
                    "latency": 254.38929053644884, 
                    "id": 1, 
                    "wc_latency": 796.4994160822695
                }, 
                {
                    "latency": 228.6062614685395, 
                    "id": 5, 
                    "wc_latency": 560.0310252464268
                }, 
                {
                    "latency": 169.94035911247803, 
                    "id": 9, 
                    "wc_latency": 410.66131649243016
                }, 
                {
                    "latency": 264.8237549969248, 
                    "id": 13, 
                    "wc_latency": 596.7079420507017
                }, 
                {
                    "latency": 294.82697860137387, 
                    "id": 17, 
                    "wc_latency": 596.7079420507017
                }, 
                {
                    "latency": 344.5694728689493, 
                    "id": 2, 
                    "wc_latency": 799.4250670716467
                }, 
                {
                    "latency": 263.7731609622253, 
                    "id": 6, 
                    "wc_latency": 829.3429625724873
                }, 
                {
                    "latency": 228.6062614685395, 
                    "id": 10, 
                    "wc_latency": 560.0310252464268
                }, 
                {
                    "latency": 279.647923788999, 
                    "id": 14, 
                    "wc_latency": 564.7269061173491
                }, 
                {
                    "latency": 406.41089730742164, 
                    "id": 18, 
                    "wc_latency": 881.8278682825704
                }, 
                {
                    "latency": 179.87667381249003, 
                    "id": 3, 
                    "wc_latency": 560.0310252464268
                }, 
                {
                    "latency": 330.49366723028453, 
                    "id": 7, 
                    "wc_latency": 766.5815205814289
                }, 
                {
                    "latency": 254.38929053644884, 
                    "id": 11, 
                    "wc_latency": 564.7269061173491
                }, 
                {
                    "latency": 212.98703237890726, 
                    "id": 15, 
                    "wc_latency": 560.0310252464268
                }, 
                {
                    "latency": 323.7833873211853, 
                    "id": 19, 
                    "wc_latency": 650.0553583176501
                }
            ], 
            "wc_latency": {
                "lowest": 410.66131649243016, 
                "highest_combo": [
                    4, 
                    5
                ], 
                "lowest_combo": [
                    0, 
                    5
                ], 
                "sum": 13292.276057662257, 
                "num": 21, 
                "duration": 0.010259866714477539, 
                "highest": 881.8278682825704, 
                "mean": 632.9655265553456
            }
        }, 
        "4": {
            "latency": {
                "lowest": 59.14082360130497, 
                "highest_combo": [
                    0, 
                    1, 
                    3, 
                    6
                ], 
                "lowest_combo": [
                    0, 
                    2, 
                    4, 
                    6
                ], 
                "sum": 3643.053565682363, 
                "num": 35, 
                "duration": 0.0006382465362548828, 
                "highest": 186.11203247634577, 
                "mean": 104.0872447337818
            }, 
            "distribution": [
                {
                    "latency": 183.47663819072616, 
                    "id": 0, 
                    "wc_latency": 564.7269061173491
                }, 
                {
                    "latency": 142.07438003318458, 
                    "id": 4, 
                    "wc_latency": 560.0310252464268
                }, 
                {
                    "latency": 95.1803064215408, 
                    "id": 8, 
                    "wc_latency": 285.1199262318687
                }, 
                {
                    "latency": 104.0892556020738, 
                    "id": 12, 
                    "wc_latency": 410.66131649243016
                }, 
                {
                    "latency": 104.0892556020738, 
                    "id": 16, 
                    "wc_latency": 410.66131649243016
                }, 
                {
                    "latency": 106.03489721294876, 
                    "id": 20, 
                    "wc_latency": 560.0310252464268
                }, 
                {
                    "latency": 63.832758814193234, 
                    "id": 24, 
                    "wc_latency": 264.61605645513816
                }, 
                {
                    "latency": 73.47216297711114, 
                    "id": 28, 
                    "wc_latency": 332.09188559556355
                }, 
                {
                    "latency": 92.25118216772216, 
                    "id": 32, 
                    "wc_latency": 264.61605645513816
                }, 
                {
                    "latency": 134.4533205664777, 
                    "id": 1, 
                    "wc_latency": 560.0310252464268
                }, 
                {
                    "latency": 127.44613012028434, 
                    "id": 5, 
                    "wc_latency": 410.66131649243016
                }, 
                {
                    "latency": 101.89058633064008, 
                    "id": 9, 
                    "wc_latency": 332.09188559556355
                }, 
                {
                    "latency": 96.46819613536691, 
                    "id": 13, 
                    "wc_latency": 410.66131649243016
                }, 
                {
                    "latency": 66.76188306801188, 
                    "id": 17, 
                    "wc_latency": 285.1199262318687
                }, 
                {
                    "latency": 84.69636739094923, 
                    "id": 21, 
                    "wc_latency": 410.66131649243016
                }, 
                {
                    "latency": 63.832758814193234, 
                    "id": 25, 
                    "wc_latency": 264.61605645513816
                }, 
                {
                    "latency": 83.22564702531781, 
                    "id": 29, 
                    "wc_latency": 285.1199262318687
                }, 
                {
                    "latency": 180.25060339981343, 
                    "id": 33, 
                    "wc_latency": 564.7269061173491
                }, 
                {
                    "latency": 113.11479074447816, 
                    "id": 2, 
                    "wc_latency": 410.66131649243016
                }, 
                {
                    "latency": 186.11203247634577, 
                    "id": 6, 
                    "wc_latency": 560.0310252464268
                }, 
                {
                    "latency": 106.03489721294876, 
                    "id": 10, 
                    "wc_latency": 560.0310252464268
                }, 
                {
                    "latency": 59.14082360130497, 
                    "id": 14, 
                    "wc_latency": 231.77250996492032
                }, 
                {
                    "latency": 78.16409818999941, 
                    "id": 18, 
                    "wc_latency": 364.9354320857814
                }, 
                {
                    "latency": 104.0892556020738, 
                    "id": 22, 
                    "wc_latency": 410.66131649243016
                }, 
                {
                    "latency": 104.0892556020738, 
                    "id": 26, 
                    "wc_latency": 410.66131649243016
                }, 
                {
                    "latency": 129.5785547017841, 
                    "id": 30, 
                    "wc_latency": 410.66131649243016
                }, 
                {
                    "latency": 111.64407037884675, 
                    "id": 34, 
                    "wc_latency": 285.1199262318687
                }, 
                {
                    "latency": 132.50767895560276, 
                    "id": 3, 
                    "wc_latency": 410.66131649243016
                }, 
                {
                    "latency": 132.50767895560276, 
                    "id": 7, 
                    "wc_latency": 410.66131649243016
                }, 
                {
                    "latency": 84.69636739094923, 
                    "id": 11, 
                    "wc_latency": 410.66131649243016
                }, 
                {
                    "latency": 59.14082360130497, 
                    "id": 15, 
                    "wc_latency": 231.77250996492032
                }, 
                {
                    "latency": 78.53371181242956, 
                    "id": 19, 
                    "wc_latency": 285.1199262318687
                }, 
                {
                    "latency": 101.16013134825516, 
                    "id": 23, 
                    "wc_latency": 410.66131649243016
                }, 
                {
                    "latency": 66.76188306801188, 
                    "id": 27, 
                    "wc_latency": 285.1199262318687
                }, 
                {
                    "latency": 92.25118216772216, 
                    "id": 31, 
                    "wc_latency": 264.61605645513816
                }
            ], 
            "wc_latency": {
                "lowest": 231.77250996492032, 
                "highest_combo": [
                    0, 
                    1, 
                    2, 
                    3
                ], 
                "lowest_combo": [
                    0, 
                    2, 
                    4, 
                    6
                ], 
                "sum": 13530.05405928694, 
                "num": 35, 
                "duration": 0.0005342960357666016, 
                "highest": 564.7269061173491, 
                "mean": 386.57297312248403
            }
        }
    }
}