{
    "group": [
        "1", 
        "2", 
        "3", 
        "4"
    ], 
    "metric": [
        "latency", 
        "wc_latency"
    ], 
    "data": {
        "1": {
            "latency": {
                "lowest": 130.2830742506799, 
                "highest_combo": [
                    5
                ], 
                "lowest_combo": [
                    1
                ], 
                "sum": 1302.8307425067992, 
                "num": 6, 
                "duration": 0.0016944408416748047, 
                "highest": 266.08181864026864, 
                "mean": 217.13845708446652
            }, 
            "distribution": [
                {
                    "latency": 232.448339143791, 
                    "id": 0, 
                    "wc_latency": 356.9460139240497
                }, 
                {
                    "latency": 246.12481440898077, 
                    "id": 4, 
                    "wc_latency": 377.4607268218343
                }, 
                {
                    "latency": 130.2830742506799, 
                    "id": 1, 
                    "wc_latency": 203.69811658438306
                }, 
                {
                    "latency": 266.08181864026864, 
                    "id": 5, 
                    "wc_latency": 377.4607268218343
                }, 
                {
                    "latency": 222.43282830496514, 
                    "id": 2, 
                    "wc_latency": 341.9227476658109
                }, 
                {
                    "latency": 205.45986775811375, 
                    "id": 3, 
                    "wc_latency": 316.4633068455338
                }
            ], 
            "wc_latency": {
                "lowest": 203.69811658438306, 
                "highest_combo": [
                    4
                ], 
                "lowest_combo": [
                    1
                ], 
                "sum": 1973.951638663446, 
                "num": 6, 
                "duration": 0.000446319580078125, 
                "highest": 377.4607268218343, 
                "mean": 328.991939777241
            }
        }, 
        "3": {
            "latency": {
                "lowest": 67.37295311370754, 
                "highest_combo": [
                    0, 
                    2, 
                    4
                ], 
                "lowest_combo": [
                    1, 
                    4, 
                    5
                ], 
                "sum": 1925.0872085822264, 
                "num": 20, 
                "duration": 0.0004944801330566406, 
                "highest": 121.85620001496955, 
                "mean": 96.25436042911132
            }, 
            "distribution": [
                {
                    "latency": 81.70431951383084, 
                    "id": 0, 
                    "wc_latency": 203.69811658438306
                }, 
                {
                    "latency": 119.29271626754776, 
                    "id": 4, 
                    "wc_latency": 316.4633068455338
                }, 
                {
                    "latency": 108.38046868372187, 
                    "id": 8, 
                    "wc_latency": 286.527800498602
                }, 
                {
                    "latency": 73.29594963971142, 
                    "id": 12, 
                    "wc_latency": 173.76261023745124
                }, 
                {
                    "latency": 115.87359745125032, 
                    "id": 16, 
                    "wc_latency": 316.4633068455338
                }, 
                {
                    "latency": 85.94755965054368, 
                    "id": 1, 
                    "wc_latency": 203.69811658438306
                }, 
                {
                    "latency": 121.85620001496955, 
                    "id": 5, 
                    "wc_latency": 341.9227476658109
                }, 
                {
                    "latency": 118.45558556026309, 
                    "id": 9, 
                    "wc_latency": 291.47252842109447
                }, 
                {
                    "latency": 82.52844083424625, 
                    "id": 13, 
                    "wc_latency": 203.69811658438306
                }, 
                {
                    "latency": 110.88434639342836, 
                    "id": 17, 
                    "wc_latency": 286.527800498602
                }, 
                {
                    "latency": 75.78132298782693, 
                    "id": 2, 
                    "wc_latency": 203.69811658438306
                }, 
                {
                    "latency": 116.86694895714759, 
                    "id": 6, 
                    "wc_latency": 311.98724131887906
                }, 
                {
                    "latency": 88.45143736025015, 
                    "id": 10, 
                    "wc_latency": 203.69811658438306
                }, 
                {
                    "latency": 77.53918977642428, 
                    "id": 14, 
                    "wc_latency": 173.76261023745124
                }, 
                {
                    "latency": 113.44783014085014, 
                    "id": 18, 
                    "wc_latency": 291.47252842109447
                }, 
                {
                    "latency": 70.79207193000497, 
                    "id": 3, 
                    "wc_latency": 173.76261023745124
                }, 
                {
                    "latency": 113.36971974154385, 
                    "id": 7, 
                    "wc_latency": 316.4633068455338
                }, 
                {
                    "latency": 78.2852006975334, 
                    "id": 11, 
                    "wc_latency": 203.69811658438306
                }, 
                {
                    "latency": 67.37295311370754, 
                    "id": 15, 
                    "wc_latency": 153.24789733966665
                }, 
                {
                    "latency": 104.96134986742443, 
                    "id": 19, 
                    "wc_latency": 266.01308760081736
                }
            ], 
            "wc_latency": {
                "lowest": 153.24789733966665, 
                "highest_combo": [
                    0, 
                    2, 
                    4
                ], 
                "lowest_combo": [
                    1, 
                    4, 
                    5
                ], 
                "sum": 4922.038082519821, 
                "num": 20, 
                "duration": 0.00025272369384765625, 
                "highest": 341.9227476658109, 
                "mean": 246.10190412599104
            }
        }, 
        "2": {
            "latency": {
                "lowest": 96.33338815328274, 
                "highest_combo": [
                    4, 
                    5
                ], 
                "lowest_combo": [
                    1, 
                    5
                ], 
                "sum": 2200.159448643913, 
                "num": 15, 
                "duration": 0.0003216266632080078, 
                "highest": 183.2146932720084, 
                "mean": 146.67729657626086
            }, 
            "distribution": [
                {
                    "latency": 104.74175802740213, 
                    "id": 0, 
                    "wc_latency": 203.69811658438306
                }, 
                {
                    "latency": 172.95733682311607, 
                    "id": 4, 
                    "wc_latency": 327.0105075771179
                }, 
                {
                    "latency": 96.33338815328274, 
                    "id": 8, 
                    "wc_latency": 173.76261023745124
                }, 
                {
                    "latency": 157.70523434168007, 
                    "id": 12, 
                    "wc_latency": 316.4633068455338
                }, 
                {
                    "latency": 173.85407356811606, 
                    "id": 1, 
                    "wc_latency": 341.9227476658109
                }, 
                {
                    "latency": 107.24563573710861, 
                    "id": 5, 
                    "wc_latency": 203.69811658438306
                }, 
                {
                    "latency": 163.62823086768398, 
                    "id": 9, 
                    "wc_latency": 316.4633068455338
                }, 
                {
                    "latency": 152.7159832838581, 
                    "id": 13, 
                    "wc_latency": 286.527800498602
                }, 
                {
                    "latency": 161.1243531579775, 
                    "id": 2, 
                    "wc_latency": 316.4633068455338
                }, 
                {
                    "latency": 111.48887587382144, 
                    "id": 6, 
                    "wc_latency": 203.69811658438306
                }, 
                {
                    "latency": 170.43495475181862, 
                    "id": 10, 
                    "wc_latency": 341.9227476658109
                }, 
                {
                    "latency": 183.2146932720084, 
                    "id": 14, 
                    "wc_latency": 327.0105075771179
                }, 
                {
                    "latency": 177.94658788093804, 
                    "id": 3, 
                    "wc_latency": 356.9460139240497
                }, 
                {
                    "latency": 101.32263921110471, 
                    "id": 7, 
                    "wc_latency": 203.69811658438306
                }, 
                {
                    "latency": 165.44570369399665, 
                    "id": 11, 
                    "wc_latency": 311.98724131887906
                }
            ], 
            "wc_latency": {
                "lowest": 173.76261023745124, 
                "highest_combo": [
                    0, 
                    4
                ], 
                "lowest_combo": [
                    1, 
                    5
                ], 
                "sum": 4231.272563338973, 
                "num": 15, 
                "duration": 0.00017118453979492188, 
                "highest": 356.9460139240497, 
                "mean": 282.08483755593153
            }
        }, 
        "4": {
            "latency": {
                "lowest": 41.831636890429756, 
                "highest_combo": [
                    0, 
                    2, 
                    3, 
                    4
                ], 
                "lowest_combo": [
                    0, 
                    1, 
                    4, 
                    5
                ], 
                "sum": 847.8438352954099, 
                "num": 15, 
                "duration": 0.0004324913024902344, 
                "highest": 71.53808285111408, 
                "mean": 56.522922353027326
            }, 
            "distribution": [
                {
                    "latency": 62.910121136972386, 
                    "id": 0, 
                    "wc_latency": 203.69811658438306
                }, 
                {
                    "latency": 51.99787355314651, 
                    "id": 4, 
                    "wc_latency": 173.76261023745124
                }, 
                {
                    "latency": 64.86907540400107, 
                    "id": 8, 
                    "wc_latency": 250.98982134257855
                }, 
                {
                    "latency": 44.33551460013623, 
                    "id": 12, 
                    "wc_latency": 153.24789733966665
                }, 
                {
                    "latency": 52.74388447425563, 
                    "id": 1, 
                    "wc_latency": 203.69811658438306
                }, 
                {
                    "latency": 41.831636890429756, 
                    "id": 5, 
                    "wc_latency": 138.22463108142782
                }, 
                {
                    "latency": 60.62583526728821, 
                    "id": 9, 
                    "wc_latency": 250.98982134257855
                }, 
                {
                    "latency": 48.57875473684908, 
                    "id": 13, 
                    "wc_latency": 153.24789733966665
                }, 
                {
                    "latency": 47.75463341643367, 
                    "id": 2, 
                    "wc_latency": 173.76261023745124
                }, 
                {
                    "latency": 71.53808285111408, 
                    "id": 6, 
                    "wc_latency": 316.4633068455338
                }, 
                {
                    "latency": 59.491002320674944, 
                    "id": 10, 
                    "wc_latency": 203.69811658438306
                }, 
                {
                    "latency": 63.12971297699468, 
                    "id": 14, 
                    "wc_latency": 266.01308760081736
                }, 
                {
                    "latency": 56.987124610968486, 
                    "id": 3, 
                    "wc_latency": 203.69811658438306
                }, 
                {
                    "latency": 66.54883179329212, 
                    "id": 7, 
                    "wc_latency": 286.527800498602
                }, 
                {
                    "latency": 54.501751262852984, 
                    "id": 11, 
                    "wc_latency": 173.76261023745124
                }
            ], 
            "wc_latency": {
                "lowest": 138.22463108142782, 
                "highest_combo": [
                    0, 
                    2, 
                    3, 
                    4
                ], 
                "lowest_combo": [
                    0, 
                    1, 
                    4, 
                    5
                ], 
                "sum": 3151.7845604407576, 
                "num": 15, 
                "duration": 0.00021386146545410156, 
                "highest": 316.4633068455338, 
                "mean": 210.1189706960505
            }
        }
    }
}