{
    "0": {
        "0": 0, 
        "2": 42.974108841918216, 
        "3": 42.974108841918216, 
        "4": 42.974108841918216, 
        "5": 42.974108841918216, 
        "7": 42.974108841918216, 
        "8": 42.974108841918216, 
        "10": 42.974108841918216, 
        "11": 42.974108841918216, 
        "12": 42.974108841918216, 
        "13": 42.974108841918216, 
        "14": 110.08025633715914, 
        "15": 42.974108841918216, 
        "16": 42.974108841918216, 
        "17": 42.974108841918216, 
        "18": 42.974108841918216, 
        "19": 42.974108841918216
    }, 
    "2": {
        "0": 42.974108841918216, 
        "2": 0, 
        "3": 0.0, 
        "4": 0.0, 
        "5": 0.0, 
        "7": 0.0, 
        "8": 0.0, 
        "10": 0.0, 
        "11": 0.0, 
        "12": 0.0, 
        "13": 0.0, 
        "14": 67.10614749524092, 
        "15": 0.0, 
        "16": 0.0, 
        "17": 0.0, 
        "18": 0.0, 
        "19": 0.0
    }, 
    "3": {
        "0": 42.974108841918216, 
        "2": 0.0, 
        "3": 0, 
        "4": 0.0, 
        "5": 0.0, 
        "7": 0.0, 
        "8": 0.0, 
        "10": 0.0, 
        "11": 0.0, 
        "12": 0.0, 
        "13": 0.0, 
        "14": 67.10614749524092, 
        "15": 0.0, 
        "16": 0.0, 
        "17": 0.0, 
        "18": 0.0, 
        "19": 0.0
    }, 
    "4": {
        "0": 42.974108841918216, 
        "2": 0.0, 
        "3": 0.0, 
        "4": 0, 
        "5": 0.0, 
        "7": 0.0, 
        "8": 0.0, 
        "10": 0.0, 
        "11": 0.0, 
        "12": 0.0, 
        "13": 0.0, 
        "14": 67.10614749524092, 
        "15": 0.0, 
        "16": 0.0, 
        "17": 0.0, 
        "18": 0.0, 
        "19": 0.0
    }, 
    "5": {
        "0": 42.974108841918216, 
        "2": 0.0, 
        "3": 0.0, 
        "4": 0.0, 
        "5": 0, 
        "7": 0.0, 
        "8": 0.0, 
        "10": 0.0, 
        "11": 0.0, 
        "12": 0.0, 
        "13": 0.0, 
        "14": 67.10614749524092, 
        "15": 0.0, 
        "16": 0.0, 
        "17": 0.0, 
        "18": 0.0, 
        "19": 0.0
    }, 
    "7": {
        "0": 42.974108841918216, 
        "2": 0.0, 
        "3": 0.0, 
        "4": 0.0, 
        "5": 0.0, 
        "7": 0, 
        "8": 0.0, 
        "10": 0.0, 
        "11": 0.0, 
        "12": 0.0, 
        "13": 0.0, 
        "14": 67.10614749524092, 
        "15": 0.0, 
        "16": 0.0, 
        "17": 0.0, 
        "18": 0.0, 
        "19": 0.0
    }, 
    "8": {
        "0": 42.974108841918216, 
        "2": 0.0, 
        "3": 0.0, 
        "4": 0.0, 
        "5": 0.0, 
        "7": 0.0, 
        "8": 0, 
        "10": 0.0, 
        "11": 0.0, 
        "12": 0.0, 
        "13": 0.0, 
        "14": 67.10614749524092, 
        "15": 0.0, 
        "16": 0.0, 
        "17": 0.0, 
        "18": 0.0, 
        "19": 0.0
    }, 
    "10": {
        "0": 42.974108841918216, 
        "2": 0.0, 
        "3": 0.0, 
        "4": 0.0, 
        "5": 0.0, 
        "7": 0.0, 
        "8": 0.0, 
        "10": 0, 
        "11": 0.0, 
        "12": 0.0, 
        "13": 0.0, 
        "14": 67.10614749524092, 
        "15": 0.0, 
        "16": 0.0, 
        "17": 0.0, 
        "18": 0.0, 
        "19": 0.0
    }, 
    "11": {
        "0": 42.974108841918216, 
        "2": 0.0, 
        "3": 0.0, 
        "4": 0.0, 
        "5": 0.0, 
        "7": 0.0, 
        "8": 0.0, 
        "10": 0.0, 
        "11": 0, 
        "12": 0.0, 
        "13": 0.0, 
        "14": 67.10614749524092, 
        "15": 0.0, 
        "16": 0.0, 
        "17": 0.0, 
        "18": 0.0, 
        "19": 0.0
    }, 
    "12": {
        "0": 42.974108841918216, 
        "2": 0.0, 
        "3": 0.0, 
        "4": 0.0, 
        "5": 0.0, 
        "7": 0.0, 
        "8": 0.0, 
        "10": 0.0, 
        "11": 0.0, 
        "12": 0, 
        "13": 0.0, 
        "14": 67.10614749524092, 
        "15": 0.0, 
        "16": 0.0, 
        "17": 0.0, 
        "18": 0.0, 
        "19": 0.0
    }, 
    "13": {
        "0": 42.974108841918216, 
        "2": 0.0, 
        "3": 0.0, 
        "4": 0.0, 
        "5": 0.0, 
        "7": 0.0, 
        "8": 0.0, 
        "10": 0.0, 
        "11": 0.0, 
        "12": 0.0, 
        "13": 0, 
        "14": 67.10614749524092, 
        "15": 0.0, 
        "16": 0.0, 
        "17": 0.0, 
        "18": 0.0, 
        "19": 0.0
    }, 
    "14": {
        "0": 110.08025633715914, 
        "2": 67.10614749524092, 
        "3": 67.10614749524092, 
        "4": 67.10614749524092, 
        "5": 67.10614749524092, 
        "7": 67.10614749524092, 
        "8": 67.10614749524092, 
        "10": 67.10614749524092, 
        "11": 67.10614749524092, 
        "12": 67.10614749524092, 
        "13": 67.10614749524092, 
        "14": 0, 
        "15": 67.10614749524092, 
        "16": 67.10614749524092, 
        "17": 67.10614749524092, 
        "18": 67.10614749524092, 
        "19": 67.10614749524092
    }, 
    "15": {
        "0": 42.974108841918216, 
        "2": 0.0, 
        "3": 0.0, 
        "4": 0.0, 
        "5": 0.0, 
        "7": 0.0, 
        "8": 0.0, 
        "10": 0.0, 
        "11": 0.0, 
        "12": 0.0, 
        "13": 0.0, 
        "14": 67.10614749524092, 
        "15": 0, 
        "16": 0.0, 
        "17": 0.0, 
        "18": 0.0, 
        "19": 0.0
    }, 
    "16": {
        "0": 42.974108841918216, 
        "2": 0.0, 
        "3": 0.0, 
        "4": 0.0, 
        "5": 0.0, 
        "7": 0.0, 
        "8": 0.0, 
        "10": 0.0, 
        "11": 0.0, 
        "12": 0.0, 
        "13": 0.0, 
        "14": 67.10614749524092, 
        "15": 0.0, 
        "16": 0, 
        "17": 0.0, 
        "18": 0.0, 
        "19": 0.0
    }, 
    "17": {
        "0": 42.974108841918216, 
        "2": 0.0, 
        "3": 0.0, 
        "4": 0.0, 
        "5": 0.0, 
        "7": 0.0, 
        "8": 0.0, 
        "10": 0.0, 
        "11": 0.0, 
        "12": 0.0, 
        "13": 0.0, 
        "14": 67.10614749524092, 
        "15": 0.0, 
        "16": 0.0, 
        "17": 0, 
        "18": 0.0, 
        "19": 0.0
    }, 
    "18": {
        "0": 42.974108841918216, 
        "2": 0.0, 
        "3": 0.0, 
        "4": 0.0, 
        "5": 0.0, 
        "7": 0.0, 
        "8": 0.0, 
        "10": 0.0, 
        "11": 0.0, 
        "12": 0.0, 
        "13": 0.0, 
        "14": 67.10614749524092, 
        "15": 0.0, 
        "16": 0.0, 
        "17": 0.0, 
        "18": 0, 
        "19": 0.0
    }, 
    "19": {
        "0": 42.974108841918216, 
        "2": 0.0, 
        "3": 0.0, 
        "4": 0.0, 
        "5": 0.0, 
        "7": 0.0, 
        "8": 0.0, 
        "10": 0.0, 
        "11": 0.0, 
        "12": 0.0, 
        "13": 0.0, 
        "14": 67.10614749524092, 
        "15": 0.0, 
        "16": 0.0, 
        "17": 0.0, 
        "18": 0.0, 
        "19": 0
    }
}