{
    "group": [
        "1", 
        "2", 
        "3", 
        "4"
    ], 
    "metric": [
        "latency", 
        "wc_latency"
    ], 
    "data": {
        "1": {
            "latency": {
                "lowest": 884.9230890277762, 
                "highest_combo": [
                    1
                ], 
                "lowest_combo": [
                    3
                ], 
                "sum": 7890.58356550726, 
                "num": 6, 
                "duration": 0.0007696151733398438, 
                "highest": 1630.1970366129656, 
                "mean": 1315.0972609178766
            }, 
            "distribution": [
                {
                    "latency": 1563.3022967249265, 
                    "id": 0, 
                    "wc_latency": 2534.8776158225855
                }, 
                {
                    "latency": 1270.7603841751013, 
                    "id": 4, 
                    "wc_latency": 2403.5573836291346
                }, 
                {
                    "latency": 1630.1970366129656, 
                    "id": 1, 
                    "wc_latency": 2639.251383670482
                }, 
                {
                    "latency": 1419.826401504324, 
                    "id": 5, 
                    "wc_latency": 2639.251383670482
                }, 
                {
                    "latency": 1121.5743574621663, 
                    "id": 2, 
                    "wc_latency": 2191.873317607246
                }, 
                {
                    "latency": 884.9230890277762, 
                    "id": 3, 
                    "wc_latency": 1836.8964149556605
                }
            ], 
            "wc_latency": {
                "lowest": 1836.8964149556605, 
                "highest_combo": [
                    1
                ], 
                "lowest_combo": [
                    3
                ], 
                "sum": 14245.70749935559, 
                "num": 6, 
                "duration": 0.00020265579223632812, 
                "highest": 2639.251383670482, 
                "mean": 2374.284583225932
            }
        }, 
        "3": {
            "latency": {
                "lowest": 274.5613705339469, 
                "highest_combo": [
                    2, 
                    4, 
                    5
                ], 
                "lowest_combo": [
                    0, 
                    3, 
                    5
                ], 
                "sum": 8608.395059248951, 
                "num": 20, 
                "duration": 0.00029158592224121094, 
                "highest": 772.3916283363634, 
                "mean": 430.41975296244755
            }, 
            "distribution": [
                {
                    "latency": 408.34554623440044, 
                    "id": 0, 
                    "wc_latency": 1157.3318713664066
                }, 
                {
                    "latency": 349.1243815444862, 
                    "id": 4, 
                    "wc_latency": 802.3549687148213
                }, 
                {
                    "latency": 274.5613705339469, 
                    "id": 8, 
                    "wc_latency": 709.6037198152704
                }, 
                {
                    "latency": 333.72418764254445, 
                    "id": 12, 
                    "wc_latency": 937.764503388411
                }, 
                {
                    "latency": 728.6290051297077, 
                    "id": 16, 
                    "wc_latency": 1836.8964149556605
                }, 
                {
                    "latency": 290.0199120172054, 
                    "id": 1, 
                    "wc_latency": 802.3549687148213
                }, 
                {
                    "latency": 370.3187489722104, 
                    "id": 5, 
                    "wc_latency": 1157.3318713664066
                }, 
                {
                    "latency": 371.6926373234178, 
                    "id": 9, 
                    "wc_latency": 937.764503388411
                }, 
                {
                    "latency": 311.15593186361286, 
                    "id": 13, 
                    "wc_latency": 802.3549687148213
                }, 
                {
                    "latency": 692.0344438000417, 
                    "id": 17, 
                    "wc_latency": 1836.8964149556605
                }, 
                {
                    "latency": 484.2824455961472, 
                    "id": 2, 
                    "wc_latency": 1385.142569451647
                }, 
                {
                    "latency": 333.72418764254445, 
                    "id": 6, 
                    "wc_latency": 937.764503388411
                }, 
                {
                    "latency": 349.1243815444862, 
                    "id": 10, 
                    "wc_latency": 802.3549687148213
                }, 
                {
                    "latency": 274.5613705339469, 
                    "id": 14, 
                    "wc_latency": 709.6037198152704
                }, 
                {
                    "latency": 772.3916283363634, 
                    "id": 18, 
                    "wc_latency": 2191.873317607246
                }, 
                {
                    "latency": 557.4715682554792, 
                    "id": 3, 
                    "wc_latency": 1385.142569451647
                }, 
                {
                    "latency": 311.15593186361286, 
                    "id": 7, 
                    "wc_latency": 802.3549687148213
                }, 
                {
                    "latency": 370.3187489722104, 
                    "id": 11, 
                    "wc_latency": 1157.3318713664066
                }, 
                {
                    "latency": 371.6926373234178, 
                    "id": 15, 
                    "wc_latency": 937.764503388411
                }, 
                {
                    "latency": 654.0659941191683, 
                    "id": 19, 
                    "wc_latency": 1836.8964149556605
                }
            ], 
            "wc_latency": {
                "lowest": 709.6037198152704, 
                "highest_combo": [
                    2, 
                    4, 
                    5
                ], 
                "lowest_combo": [
                    0, 
                    3, 
                    5
                ], 
                "sum": 23126.883612235033, 
                "num": 20, 
                "duration": 0.00022792816162109375, 
                "highest": 2191.873317607246, 
                "mean": 1156.3441806117517
            }
        }, 
        "2": {
            "latency": {
                "lowest": 408.2871986530838, 
                "highest_combo": [
                    0, 
                    1
                ], 
                "lowest_combo": [
                    0, 
                    3
                ], 
                "sum": 11170.030877513687, 
                "num": 15, 
                "duration": 0.0008156299591064453, 
                "highest": 1445.0350100890482, 
                "mean": 744.6687251675792
            }, 
            "distribution": [
                {
                    "latency": 1445.0350100890482, 
                    "id": 0, 
                    "wc_latency": 2534.8776158225855
                }, 
                {
                    "latency": 675.7388548913575, 
                    "id": 4, 
                    "wc_latency": 1385.142569451647
                }, 
                {
                    "latency": 675.7388548913575, 
                    "id": 8, 
                    "wc_latency": 1385.142569451647
                }, 
                {
                    "latency": 787.7918222383051, 
                    "id": 12, 
                    "wc_latency": 1836.8964149556605
                }, 
                {
                    "latency": 526.6128328702789, 
                    "id": 1, 
                    "wc_latency": 1157.3318713664066
                }, 
                {
                    "latency": 526.6128328702789, 
                    "id": 5, 
                    "wc_latency": 1157.3318713664066
                }, 
                {
                    "latency": 825.7602719191786, 
                    "id": 9, 
                    "wc_latency": 1836.8964149556605
                }, 
                {
                    "latency": 751.1972609086392, 
                    "id": 13, 
                    "wc_latency": 1836.8964149556605
                }, 
                {
                    "latency": 408.2871986530838, 
                    "id": 2, 
                    "wc_latency": 802.3549687148213
                }, 
                {
                    "latency": 408.2871986530838, 
                    "id": 6, 
                    "wc_latency": 802.3549687148213
                }, 
                {
                    "latency": 965.2802735640979, 
                    "id": 10, 
                    "wc_latency": 2191.873317607246
                }, 
                {
                    "latency": 1039.9032892664934, 
                    "id": 14, 
                    "wc_latency": 2403.5573836291346
                }, 
                {
                    "latency": 602.5497322320256, 
                    "id": 3, 
                    "wc_latency": 1385.142569451647
                }, 
                {
                    "latency": 602.5497322320256, 
                    "id": 7, 
                    "wc_latency": 1385.142569451647
                }, 
                {
                    "latency": 928.6857122344319, 
                    "id": 11, 
                    "wc_latency": 2191.873317607246
                }
            ], 
            "wc_latency": {
                "lowest": 802.3549687148213, 
                "highest_combo": [
                    0, 
                    1
                ], 
                "lowest_combo": [
                    0, 
                    3
                ], 
                "sum": 24292.81483750224, 
                "num": 15, 
                "duration": 0.00023794174194335938, 
                "highest": 2534.8776158225855, 
                "mean": 1619.520989166816
            }
        }, 
        "4": {
            "latency": {
                "lowest": 156.2940838980685, 
                "highest_combo": [
                    2, 
                    3, 
                    4, 
                    5
                ], 
                "lowest_combo": [
                    0, 
                    1, 
                    3, 
                    5
                ], 
                "sum": 3540.3804664141526, 
                "num": 15, 
                "duration": 0.0002269744873046875, 
                "highest": 594.9031770105707, 
                "mean": 236.02536442761019
            }, 
            "distribution": [
                {
                    "latency": 230.85709490860782, 
                    "id": 0, 
                    "wc_latency": 802.3549687148213
                }, 
                {
                    "latency": 156.2940838980685, 
                    "id": 4, 
                    "wc_latency": 582.7876007368257
                }, 
                {
                    "latency": 177.43010374447599, 
                    "id": 8, 
                    "wc_latency": 709.6037198152704
                }, 
                {
                    "latency": 177.43010374447599, 
                    "id": 12, 
                    "wc_latency": 709.6037198152704
                }, 
                {
                    "latency": 252.05146233633198, 
                    "id": 1, 
                    "wc_latency": 1157.3318713664066
                }, 
                {
                    "latency": 253.42535068753944, 
                    "id": 5, 
                    "wc_latency": 937.764503388411
                }, 
                {
                    "latency": 177.43010374447599, 
                    "id": 9, 
                    "wc_latency": 709.6037198152704
                }, 
                {
                    "latency": 177.43010374447599, 
                    "id": 13, 
                    "wc_latency": 709.6037198152704
                }, 
                {
                    "latency": 215.45690100666604, 
                    "id": 2, 
                    "wc_latency": 937.764503388411
                }, 
                {
                    "latency": 251.9931147550153, 
                    "id": 6, 
                    "wc_latency": 802.3549687148213
                }, 
                {
                    "latency": 251.9931147550153, 
                    "id": 10, 
                    "wc_latency": 802.3549687148213
                }, 
                {
                    "latency": 594.9031770105707, 
                    "id": 14, 
                    "wc_latency": 1836.8964149556605
                }, 
                {
                    "latency": 192.88864522773443, 
                    "id": 3, 
                    "wc_latency": 802.3549687148213
                }, 
                {
                    "latency": 215.39855342534938, 
                    "id": 7, 
                    "wc_latency": 709.6037198152704
                }, 
                {
                    "latency": 215.39855342534938, 
                    "id": 11, 
                    "wc_latency": 709.6037198152704
                }
            ], 
            "wc_latency": {
                "lowest": 582.7876007368257, 
                "highest_combo": [
                    2, 
                    3, 
                    4, 
                    5
                ], 
                "lowest_combo": [
                    0, 
                    1, 
                    3, 
                    5
                ], 
                "sum": 12919.587087586622, 
                "num": 15, 
                "duration": 0.00018143653869628906, 
                "highest": 1836.8964149556605, 
                "mean": 861.3058058391082
            }
        }
    }
}