{
    "group": [
        "1", 
        "2", 
        "3", 
        "4"
    ], 
    "metric": [
        "latency", 
        "wc_latency"
    ], 
    "data": {
        "1": {
            "latency": {
                "lowest": 1313.3564496529589, 
                "highest_combo": [
                    0
                ], 
                "lowest_combo": [
                    1
                ], 
                "sum": 9067.904537274559, 
                "num": 6, 
                "duration": 0.0009419918060302734, 
                "highest": 1766.1454842565884, 
                "mean": 1511.317422879093
            }, 
            "distribution": [
                {
                    "latency": 1766.1454842565884, 
                    "id": 0, 
                    "wc_latency": 3244.564862653761
                }, 
                {
                    "latency": 1606.4428190844267, 
                    "id": 4, 
                    "wc_latency": 3244.564862653761
                }, 
                {
                    "latency": 1313.3564496529589, 
                    "id": 1, 
                    "wc_latency": 2565.3813107483165
                }, 
                {
                    "latency": 1521.4958572683645, 
                    "id": 5, 
                    "wc_latency": 3113.8862098902014
                }, 
                {
                    "latency": 1544.9353373329511, 
                    "id": 2, 
                    "wc_latency": 2912.749642268305
                }, 
                {
                    "latency": 1315.52858967927, 
                    "id": 3, 
                    "wc_latency": 2532.686397664692
                }
            ], 
            "wc_latency": {
                "lowest": 2532.686397664692, 
                "highest_combo": [
                    0
                ], 
                "lowest_combo": [
                    3
                ], 
                "sum": 17613.833285879035, 
                "num": 6, 
                "duration": 0.0002570152282714844, 
                "highest": 3244.564862653761, 
                "mean": 2935.638880979839
            }
        }, 
        "3": {
            "latency": {
                "lowest": 190.94726962507875, 
                "highest_combo": [
                    0, 
                    1, 
                    2
                ], 
                "lowest_combo": [
                    0, 
                    2, 
                    5
                ], 
                "sum": 6991.564458114508, 
                "num": 20, 
                "duration": 0.0004048347473144531, 
                "highest": 1142.2644690820534, 
                "mean": 349.5782229057254
            }, 
            "distribution": [
                {
                    "latency": 1142.2644690820534, 
                    "id": 0, 
                    "wc_latency": 2565.3813107483165
                }, 
                {
                    "latency": 275.57990814873875, 
                    "id": 4, 
                    "wc_latency": 711.8784649890691
                }, 
                {
                    "latency": 318.3030115296643, 
                    "id": 8, 
                    "wc_latency": 1026.5518834254324
                }, 
                {
                    "latency": 246.24980635598808, 
                    "id": 12, 
                    "wc_latency": 679.1835519054442
                }, 
                {
                    "latency": 263.0004747987549, 
                    "id": 16, 
                    "wc_latency": 1026.5518834254324
                }, 
                {
                    "latency": 275.57990814873875, 
                    "id": 1, 
                    "wc_latency": 711.8784649890691
                }, 
                {
                    "latency": 210.55490505936106, 
                    "id": 5, 
                    "wc_latency": 711.8784649890691
                }, 
                {
                    "latency": 383.328014619042, 
                    "id": 9, 
                    "wc_latency": 1026.5518834254324
                }, 
                {
                    "latency": 205.1057528787569, 
                    "id": 13, 
                    "wc_latency": 679.1835519054442
                }, 
                {
                    "latency": 263.0004747987549, 
                    "id": 17, 
                    "wc_latency": 1026.5518834254324
                }, 
                {
                    "latency": 210.55490505936106, 
                    "id": 2, 
                    "wc_latency": 711.8784649890691
                }, 
                {
                    "latency": 190.94726962507875, 
                    "id": 6, 
                    "wc_latency": 594.2326523833752
                }, 
                {
                    "latency": 330.8824448796481, 
                    "id": 10, 
                    "wc_latency": 711.8784649890691
                }, 
                {
                    "latency": 205.1057528787569, 
                    "id": 14, 
                    "wc_latency": 679.1835519054442
                }, 
                {
                    "latency": 328.0254778881326, 
                    "id": 18, 
                    "wc_latency": 1026.5518834254324
                }, 
                {
                    "latency": 190.94726962507875, 
                    "id": 3, 
                    "wc_latency": 594.2326523833752
                }, 
                {
                    "latency": 318.3030115296643, 
                    "id": 7, 
                    "wc_latency": 1026.5518834254324
                }, 
                {
                    "latency": 265.8574417902704, 
                    "id": 11, 
                    "wc_latency": 711.8784649890691
                }, 
                {
                    "latency": 270.13075596813457, 
                    "id": 15, 
                    "wc_latency": 679.1835519054442
                }, 
                {
                    "latency": 1097.8434034505292, 
                    "id": 19, 
                    "wc_latency": 2532.686397664692
                }
            ], 
            "wc_latency": {
                "lowest": 594.2326523833752, 
                "highest_combo": [
                    0, 
                    1, 
                    2
                ], 
                "lowest_combo": [
                    0, 
                    2, 
                    5
                ], 
                "sum": 19433.849311288544, 
                "num": 20, 
                "duration": 0.00028443336486816406, 
                "highest": 2565.3813107483165, 
                "mean": 971.6924655644273
            }
        }, 
        "2": {
            "latency": {
                "lowest": 304.1445282759861, 
                "highest_combo": [
                    4, 
                    5
                ], 
                "lowest_combo": [
                    1, 
                    5
                ], 
                "sum": 11143.958230044751, 
                "num": 15, 
                "duration": 0.0012271404266357422, 
                "highest": 1487.482084960513, 
                "mean": 742.9305486696501
            }, 
            "distribution": [
                {
                    "latency": 1200.1591910020516, 
                    "id": 0, 
                    "wc_latency": 2565.3813107483165
                }, 
                {
                    "latency": 417.34178692689346, 
                    "id": 4, 
                    "wc_latency": 1026.5518834254324
                }, 
                {
                    "latency": 304.1445282759861, 
                    "id": 8, 
                    "wc_latency": 679.1835519054442
                }, 
                {
                    "latency": 1131.8571757583807, 
                    "id": 12, 
                    "wc_latency": 2532.686397664692
                }, 
                {
                    "latency": 1373.8433567620457, 
                    "id": 1, 
                    "wc_latency": 2912.749642268305
                }, 
                {
                    "latency": 1255.461727732961, 
                    "id": 5, 
                    "wc_latency": 2565.3813107483165
                }, 
                {
                    "latency": 446.67188871964413, 
                    "id": 9, 
                    "wc_latency": 1026.5518834254324
                }, 
                {
                    "latency": 1131.8571757583807, 
                    "id": 13, 
                    "wc_latency": 2532.686397664692
                }, 
                {
                    "latency": 501.9744254505535, 
                    "id": 2, 
                    "wc_latency": 1026.5518834254324
                }, 
                {
                    "latency": 388.7771667996462, 
                    "id": 6, 
                    "wc_latency": 711.8784649890691
                }, 
                {
                    "latency": 381.64688563026635, 
                    "id": 10, 
                    "wc_latency": 1026.5518834254324
                }, 
                {
                    "latency": 1487.482084960513, 
                    "id": 14, 
                    "wc_latency": 3113.8862098902014
                }, 
                {
                    "latency": 436.9494223611757, 
                    "id": 3, 
                    "wc_latency": 1026.5518834254324
                }, 
                {
                    "latency": 323.75216371026846, 
                    "id": 7, 
                    "wc_latency": 711.8784649890691
                }, 
                {
                    "latency": 362.0392501959841, 
                    "id": 11, 
                    "wc_latency": 1026.5518834254324
                }
            ], 
            "wc_latency": {
                "lowest": 679.1835519054442, 
                "highest_combo": [
                    4, 
                    5
                ], 
                "lowest_combo": [
                    1, 
                    5
                ], 
                "sum": 24485.023051420703, 
                "num": 15, 
                "duration": 0.0006077289581298828, 
                "highest": 3113.8862098902014, 
                "mean": 1632.3348700947136
            }
        }, 
        "4": {
            "latency": {
                "lowest": 91.90849422784952, 
                "highest_combo": [
                    0, 
                    3, 
                    4, 
                    5
                ], 
                "lowest_combo": [
                    0, 
                    1, 
                    3, 
                    5
                ], 
                "sum": 2375.924906868313, 
                "num": 15, 
                "duration": 0.0015082359313964844, 
                "highest": 284.28923922181275, 
                "mean": 158.39499379122086
            }, 
            "distribution": [
                {
                    "latency": 217.68518622874072, 
                    "id": 0, 
                    "wc_latency": 711.8784649890691
                }, 
                {
                    "latency": 91.90849422784952, 
                    "id": 4, 
                    "wc_latency": 347.3683315199881
                }, 
                {
                    "latency": 156.93349731722722, 
                    "id": 8, 
                    "wc_latency": 594.2326523833752
                }, 
                {
                    "latency": 212.2360340481366, 
                    "id": 12, 
                    "wc_latency": 679.1835519054442
                }, 
                {
                    "latency": 152.66018313936303, 
                    "id": 1, 
                    "wc_latency": 711.8784649890691
                }, 
                {
                    "latency": 156.93349731722722, 
                    "id": 5, 
                    "wc_latency": 594.2326523833752
                }, 
                {
                    "latency": 284.28923922181275, 
                    "id": 9, 
                    "wc_latency": 1026.5518834254324
                }, 
                {
                    "latency": 171.0919805709054, 
                    "id": 13, 
                    "wc_latency": 679.1835519054442
                }, 
                {
                    "latency": 133.0525477050807, 
                    "id": 2, 
                    "wc_latency": 594.2326523833752
                }, 
                {
                    "latency": 91.90849422784952, 
                    "id": 6, 
                    "wc_latency": 347.3683315199881
                }, 
                {
                    "latency": 147.21103095875887, 
                    "id": 10, 
                    "wc_latency": 679.1835519054442
                }, 
                {
                    "latency": 228.9867024909034, 
                    "id": 14, 
                    "wc_latency": 1026.5518834254324
                }, 
                {
                    "latency": 91.90849422784952, 
                    "id": 3, 
                    "wc_latency": 347.3683315199881
                }, 
                {
                    "latency": 91.90849422784952, 
                    "id": 7, 
                    "wc_latency": 347.3683315199881
                }, 
                {
                    "latency": 147.21103095875887, 
                    "id": 11, 
                    "wc_latency": 679.1835519054442
                }
            ], 
            "wc_latency": {
                "lowest": 347.3683315199881, 
                "highest_combo": [
                    0, 
                    3, 
                    4, 
                    5
                ], 
                "lowest_combo": [
                    0, 
                    1, 
                    3, 
                    5
                ], 
                "sum": 9365.766187680858, 
                "num": 15, 
                "duration": 0.0002665519714355469, 
                "highest": 1026.5518834254324, 
                "mean": 624.3844125120572
            }
        }
    }
}