{
    "group": [
        "1", 
        "2", 
        "3", 
        "4"
    ], 
    "metric": [
        "latency", 
        "wc_latency"
    ], 
    "data": {
        "1": {
            "latency": {
                "lowest": 1107.5170602227706, 
                "highest_combo": [
                    1
                ], 
                "lowest_combo": [
                    2
                ], 
                "sum": 7430.250411008927, 
                "num": 6, 
                "duration": 0.0007860660552978516, 
                "highest": 1358.603628073083, 
                "mean": 1238.3750685014877
            }, 
            "distribution": [
                {
                    "latency": 1296.849680515719, 
                    "id": 0, 
                    "wc_latency": 2414.582422557287
                }, 
                {
                    "latency": 1249.0045172086097, 
                    "id": 4, 
                    "wc_latency": 2464.810675607011
                }, 
                {
                    "latency": 1358.603628073083, 
                    "id": 1, 
                    "wc_latency": 2464.810675607011
                }, 
                {
                    "latency": 1310.758464765974, 
                    "id": 5, 
                    "wc_latency": 2252.6632180603106
                }, 
                {
                    "latency": 1107.5170602227706, 
                    "id": 2, 
                    "wc_latency": 2031.8464043505346
                }, 
                {
                    "latency": 1107.5170602227706, 
                    "id": 3, 
                    "wc_latency": 2175.3818942718617
                }
            ], 
            "wc_latency": {
                "lowest": 2031.8464043505346, 
                "highest_combo": [
                    4
                ], 
                "lowest_combo": [
                    2
                ], 
                "sum": 13804.095290454014, 
                "num": 6, 
                "duration": 0.00018143653869628906, 
                "highest": 2464.810675607011, 
                "mean": 2300.6825484090023
            }
        }, 
        "3": {
            "latency": {
                "lowest": 239.25432047874128, 
                "highest_combo": [
                    3, 
                    4, 
                    5
                ], 
                "lowest_combo": [
                    0, 
                    2, 
                    4
                ], 
                "sum": 7678.9210362947715, 
                "num": 20, 
                "duration": 0.00029730796813964844, 
                "highest": 784.0116935859663, 
                "mean": 383.94605181473855
            }, 
            "distribution": [
                {
                    "latency": 724.7312023412951, 
                    "id": 0, 
                    "wc_latency": 1932.3677857658497
                }, 
                {
                    "latency": 336.38558726821225, 
                    "id": 4, 
                    "wc_latency": 1115.230490577987
                }, 
                {
                    "latency": 294.89237265136165, 
                    "id": 8, 
                    "wc_latency": 916.6159137725476
                }, 
                {
                    "latency": 294.89237265136165, 
                    "id": 12, 
                    "wc_latency": 916.6159137725476
                }, 
                {
                    "latency": 454.94656975755487, 
                    "id": 16, 
                    "wc_latency": 1258.7659804993143
                }, 
                {
                    "latency": 435.77233418122677, 
                    "id": 1, 
                    "wc_latency": 1115.230490577987
                }, 
                {
                    "latency": 239.25432047874128, 
                    "id": 5, 
                    "wc_latency": 582.7876007368257
                }, 
                {
                    "latency": 306.92559687269, 
                    "id": 9, 
                    "wc_latency": 938.4705482048536
                }, 
                {
                    "latency": 294.89237265136165, 
                    "id": 13, 
                    "wc_latency": 916.6159137725476
                }, 
                {
                    "latency": 454.94656975755487, 
                    "id": 17, 
                    "wc_latency": 1258.7659804993143
                }, 
                {
                    "latency": 342.28350646380676, 
                    "id": 2, 
                    "wc_latency": 938.4705482048536
                }, 
                {
                    "latency": 294.89237265136165, 
                    "id": 6, 
                    "wc_latency": 916.6159137725476
                }, 
                {
                    "latency": 336.38558726821225, 
                    "id": 10, 
                    "wc_latency": 1115.230490577987
                }, 
                {
                    "latency": 294.89237265136165, 
                    "id": 14, 
                    "wc_latency": 916.6159137725476
                }, 
                {
                    "latency": 463.3373549068322, 
                    "id": 18, 
                    "wc_latency": 1258.7659804993143
                }, 
                {
                    "latency": 431.02398810400024, 
                    "id": 3, 
                    "wc_latency": 1115.230490577987
                }, 
                {
                    "latency": 294.89237265136165, 
                    "id": 7, 
                    "wc_latency": 916.6159137725476
                }, 
                {
                    "latency": 239.25432047874128, 
                    "id": 11, 
                    "wc_latency": 582.7876007368257
                }, 
                {
                    "latency": 360.3081689217668, 
                    "id": 15, 
                    "wc_latency": 1258.7659804993143
                }, 
                {
                    "latency": 784.0116935859663, 
                    "id": 19, 
                    "wc_latency": 1932.3677857658497
                }
            ], 
            "wc_latency": {
                "lowest": 582.7876007368257, 
                "highest_combo": [
                    0, 
                    1, 
                    2
                ], 
                "lowest_combo": [
                    0, 
                    2, 
                    4
                ], 
                "sum": 21902.93323635955, 
                "num": 20, 
                "duration": 0.00030422210693359375, 
                "highest": 1932.3677857658497, 
                "mean": 1095.1466618179775
            }
        }, 
        "2": {
            "latency": {
                "lowest": 395.66607851288353, 
                "highest_combo": [
                    0, 
                    1
                ], 
                "lowest_combo": [
                    0, 
                    4
                ], 
                "sum": 10247.658639171656, 
                "num": 15, 
                "duration": 0.008589744567871094, 
                "highest": 1190.084536417565, 
                "mean": 683.1772426114437
            }, 
            "distribution": [
                {
                    "latency": 1190.084536417565, 
                    "id": 0, 
                    "wc_latency": 2414.582422557287
                }, 
                {
                    "latency": 484.406560153077, 
                    "id": 4, 
                    "wc_latency": 1115.230490577987
                }, 
                {
                    "latency": 537.7891322021538, 
                    "id": 8, 
                    "wc_latency": 1258.7659804993143
                }, 
                {
                    "latency": 913.2545266438287, 
                    "id": 12, 
                    "wc_latency": 2175.3818942718617
                }, 
                {
                    "latency": 794.6935441544861, 
                    "id": 1, 
                    "wc_latency": 2031.8464043505346
                }, 
                {
                    "latency": 778.1137743903719, 
                    "id": 5, 
                    "wc_latency": 1932.3677857658497
                }, 
                {
                    "latency": 649.2091033364967, 
                    "id": 9, 
                    "wc_latency": 1258.7659804993143
                }, 
                {
                    "latency": 872.7521752261599, 
                    "id": 13, 
                    "wc_latency": 1932.3677857658497
                }, 
                {
                    "latency": 489.15490623030354, 
                    "id": 2, 
                    "wc_latency": 1115.230490577987
                }, 
                {
                    "latency": 489.15490623030354, 
                    "id": 6, 
                    "wc_latency": 1115.230490577987
                }, 
                {
                    "latency": 552.0778365470258, 
                    "id": 10, 
                    "wc_latency": 1258.7659804993143
                }, 
                {
                    "latency": 1044.5370198453932, 
                    "id": 14, 
                    "wc_latency": 2252.6632180603106
                }, 
                {
                    "latency": 395.66607851288353, 
                    "id": 3, 
                    "wc_latency": 938.4705482048536
                }, 
                {
                    "latency": 449.04865056196036, 
                    "id": 7, 
                    "wc_latency": 1258.7659804993143
                }, 
                {
                    "latency": 607.7158887196462, 
                    "id": 11, 
                    "wc_latency": 1258.7659804993143
                }
            ], 
            "wc_latency": {
                "lowest": 938.4705482048536, 
                "highest_combo": [
                    0, 
                    1
                ], 
                "lowest_combo": [
                    0, 
                    4
                ], 
                "sum": 23317.20143320708, 
                "num": 15, 
                "duration": 0.0002269744873046875, 
                "highest": 2414.582422557287, 
                "mean": 1554.4800955471387
            }
        }, 
        "4": {
            "latency": {
                "lowest": 142.12305368927034, 
                "highest_combo": [
                    2, 
                    3, 
                    4, 
                    5
                ], 
                "lowest_combo": [
                    0, 
                    2, 
                    3, 
                    4
                ], 
                "sum": 3094.9769528531415, 
                "num": 15, 
                "duration": 0.00022482872009277344, 
                "highest": 366.20608811736133, 
                "mean": 206.3317968568761
            }, 
            "distribution": [
                {
                    "latency": 283.0030152191354, 
                    "id": 0, 
                    "wc_latency": 1115.230490577987
                }, 
                {
                    "latency": 241.5098006022848, 
                    "id": 4, 
                    "wc_latency": 916.6159137725476
                }, 
                {
                    "latency": 150.51383883854774, 
                    "id": 8, 
                    "wc_latency": 582.7876007368257
                }, 
                {
                    "latency": 150.51383883854774, 
                    "id": 12, 
                    "wc_latency": 582.7876007368257
                }, 
                {
                    "latency": 185.8717484296645, 
                    "id": 1, 
                    "wc_latency": 582.7876007368257
                }, 
                {
                    "latency": 253.54302482361322, 
                    "id": 5, 
                    "wc_latency": 938.4705482048536
                }, 
                {
                    "latency": 206.1518910111681, 
                    "id": 9, 
                    "wc_latency": 916.6159137725476
                }, 
                {
                    "latency": 206.1518910111681, 
                    "id": 13, 
                    "wc_latency": 916.6159137725476
                }, 
                {
                    "latency": 241.5098006022848, 
                    "id": 2, 
                    "wc_latency": 916.6159137725476
                }, 
                {
                    "latency": 142.12305368927034, 
                    "id": 6, 
                    "wc_latency": 532.4428898411612
                }, 
                {
                    "latency": 142.12305368927034, 
                    "id": 10, 
                    "wc_latency": 532.4428898411612
                }, 
                {
                    "latency": 366.20608811736133, 
                    "id": 14, 
                    "wc_latency": 1258.7659804993143
                }, 
                {
                    "latency": 241.5098006022848, 
                    "id": 3, 
                    "wc_latency": 916.6159137725476
                }, 
                {
                    "latency": 142.12305368927034, 
                    "id": 7, 
                    "wc_latency": 532.4428898411612
                }, 
                {
                    "latency": 142.12305368927034, 
                    "id": 11, 
                    "wc_latency": 532.4428898411612
                }
            ], 
            "wc_latency": {
                "lowest": 532.4428898411612, 
                "highest_combo": [
                    2, 
                    3, 
                    4, 
                    5
                ], 
                "lowest_combo": [
                    0, 
                    2, 
                    3, 
                    4
                ], 
                "sum": 11773.680949720014, 
                "num": 15, 
                "duration": 0.0001823902130126953, 
                "highest": 1258.7659804993143, 
                "mean": 784.9120633146675
            }
        }
    }
}