{
    "group": [
        "1", 
        "2", 
        "3", 
        "4"
    ], 
    "metric": [
        "latency", 
        "wc_latency"
    ], 
    "data": {
        "1": {
            "latency": {
                "lowest": 34.93039918036047, 
                "highest_combo": [
                    11
                ], 
                "lowest_combo": [
                    0
                ], 
                "sum": 619.164196493698, 
                "num": 10, 
                "duration": 0.0009593963623046875, 
                "highest": 173.68067664066194, 
                "mean": 61.9164196493698
            }, 
            "distribution": [
                {
                    "latency": 34.93039918036047, 
                    "id": 0, 
                    "wc_latency": 173.43784682537685
                }, 
                {
                    "latency": 77.59972724248357, 
                    "id": 4, 
                    "wc_latency": 226.77450690303073
                }, 
                {
                    "latency": 44.621543040095396, 
                    "id": 8, 
                    "wc_latency": 185.5517766500455
                }, 
                {
                    "latency": 37.618041134198165, 
                    "id": 1, 
                    "wc_latency": 180.57919140199255
                }, 
                {
                    "latency": 35.941869369043964, 
                    "id": 5, 
                    "wc_latency": 176.37932279410944
                }, 
                {
                    "latency": 34.93039918036047, 
                    "id": 9, 
                    "wc_latency": 173.43784682537685
                }, 
                {
                    "latency": 42.752256886665585, 
                    "id": 2, 
                    "wc_latency": 186.9969610925768
                }, 
                {
                    "latency": 61.679967328922956, 
                    "id": 6, 
                    "wc_latency": 206.87480701107995
                }, 
                {
                    "latency": 75.40931649090552, 
                    "id": 3, 
                    "wc_latency": 226.77450690303073
                }, 
                {
                    "latency": 173.68067664066194, 
                    "id": 7, 
                    "wc_latency": 226.77450690303073
                }
            ], 
            "wc_latency": {
                "lowest": 173.43784682537685, 
                "highest_combo": [
                    8
                ], 
                "lowest_combo": [
                    0
                ], 
                "sum": 1963.58127330965, 
                "num": 10, 
                "duration": 0.00036072731018066406, 
                "highest": 226.77450690303073, 
                "mean": 196.358127330965
            }
        }, 
        "3": {
            "latency": {
                "lowest": 12.252948490057392, 
                "highest_combo": [
                    7, 
                    8, 
                    10
                ], 
                "lowest_combo": [
                    8, 
                    11, 
                    13
                ], 
                "sum": 3196.3836050042582, 
                "num": 120, 
                "duration": 0.002187490463256836, 
                "highest": 44.325243276251555, 
                "mean": 26.63653004170215
            }, 
            "distribution": [
                {
                    "latency": 32.563730316255736, 
                    "id": 0, 
                    "wc_latency": 173.43784682537685
                }, 
                {
                    "latency": 29.861811266743853, 
                    "id": 4, 
                    "wc_latency": 173.43784682537685
                }, 
                {
                    "latency": 28.16846425727194, 
                    "id": 8, 
                    "wc_latency": 173.43784682537685
                }, 
                {
                    "latency": 16.15834558249964, 
                    "id": 12, 
                    "wc_latency": 53.33666007765389
                }, 
                {
                    "latency": 28.718066059974355, 
                    "id": 16, 
                    "wc_latency": 173.43784682537685
                }, 
                {
                    "latency": 29.596733172595076, 
                    "id": 20, 
                    "wc_latency": 173.43784682537685
                }, 
                {
                    "latency": 28.38534019012821, 
                    "id": 24, 
                    "wc_latency": 173.43784682537685
                }, 
                {
                    "latency": 32.84033908527287, 
                    "id": 28, 
                    "wc_latency": 173.43784682537685
                }, 
                {
                    "latency": 31.586703161790155, 
                    "id": 32, 
                    "wc_latency": 173.43784682537685
                }, 
                {
                    "latency": 31.93922113709751, 
                    "id": 36, 
                    "wc_latency": 180.57919140199255
                }, 
                {
                    "latency": 18.91834502494048, 
                    "id": 40, 
                    "wc_latency": 60.47800465426959
                }, 
                {
                    "latency": 29.639202241638223, 
                    "id": 44, 
                    "wc_latency": 176.37932279410944
                }, 
                {
                    "latency": 28.16846425727194, 
                    "id": 48, 
                    "wc_latency": 173.43784682537685
                }, 
                {
                    "latency": 29.644713228642768, 
                    "id": 52, 
                    "wc_latency": 180.57919140199255
                }, 
                {
                    "latency": 33.17070469034032, 
                    "id": 56, 
                    "wc_latency": 176.37932279410944
                }, 
                {
                    "latency": 29.861811266743853, 
                    "id": 60, 
                    "wc_latency": 173.43784682537685
                }, 
                {
                    "latency": 30.383859455079538, 
                    "id": 64, 
                    "wc_latency": 186.9969610925768
                }, 
                {
                    "latency": 33.78354025911241, 
                    "id": 68, 
                    "wc_latency": 185.5517766500455
                }, 
                {
                    "latency": 17.362983342922515, 
                    "id": 72, 
                    "wc_latency": 56.78819997100654
                }, 
                {
                    "latency": 17.240285420786755, 
                    "id": 76, 
                    "wc_latency": 56.278136046386464
                }, 
                {
                    "latency": 34.90727125517588, 
                    "id": 80, 
                    "wc_latency": 185.5517766500455
                }, 
                {
                    "latency": 32.290737282570454, 
                    "id": 84, 
                    "wc_latency": 173.43784682537685
                }, 
                {
                    "latency": 31.531425059630884, 
                    "id": 88, 
                    "wc_latency": 185.5517766500455
                }, 
                {
                    "latency": 28.977411061873774, 
                    "id": 92, 
                    "wc_latency": 176.37932279410944
                }, 
                {
                    "latency": 26.253037154024764, 
                    "id": 96, 
                    "wc_latency": 173.43784682537685
                }, 
                {
                    "latency": 26.676212148961746, 
                    "id": 100, 
                    "wc_latency": 176.37932279410944
                }, 
                {
                    "latency": 32.31512460147926, 
                    "id": 104, 
                    "wc_latency": 86.773620263357
                }, 
                {
                    "latency": 12.252948490057392, 
                    "id": 108, 
                    "wc_latency": 53.33666007765389
                }, 
                {
                    "latency": 30.70803604916943, 
                    "id": 112, 
                    "wc_latency": 173.43784682537685
                }, 
                {
                    "latency": 21.51127637405366, 
                    "id": 116, 
                    "wc_latency": 65.45058990232255
                }, 
                {
                    "latency": 28.16846425727194, 
                    "id": 1, 
                    "wc_latency": 173.43784682537685
                }, 
                {
                    "latency": 15.861722602776476, 
                    "id": 5, 
                    "wc_latency": 53.33666007765389
                }, 
                {
                    "latency": 28.16846425727194, 
                    "id": 9, 
                    "wc_latency": 173.43784682537685
                }, 
                {
                    "latency": 32.290737282570454, 
                    "id": 13, 
                    "wc_latency": 173.43784682537685
                }, 
                {
                    "latency": 26.253037154024764, 
                    "id": 17, 
                    "wc_latency": 173.43784682537685
                }, 
                {
                    "latency": 28.718066059974355, 
                    "id": 21, 
                    "wc_latency": 173.43784682537685
                }, 
                {
                    "latency": 29.596733172595076, 
                    "id": 25, 
                    "wc_latency": 173.43784682537685
                }, 
                {
                    "latency": 34.05173206773974, 
                    "id": 29, 
                    "wc_latency": 173.43784682537685
                }, 
                {
                    "latency": 16.375221515355918, 
                    "id": 33, 
                    "wc_latency": 53.33666007765389
                }, 
                {
                    "latency": 30.92846369971278, 
                    "id": 37, 
                    "wc_latency": 180.57919140199255
                }, 
                {
                    "latency": 35.0507367250113, 
                    "id": 41, 
                    "wc_latency": 180.57919140199255
                }, 
                {
                    "latency": 28.523167629924057, 
                    "id": 45, 
                    "wc_latency": 180.57919140199255
                }, 
                {
                    "latency": 29.048431665041807, 
                    "id": 49, 
                    "wc_latency": 176.37932279410944
                }, 
                {
                    "latency": 27.871841277548775, 
                    "id": 53, 
                    "wc_latency": 173.43784682537685
                }, 
                {
                    "latency": 32.91135968844091, 
                    "id": 57, 
                    "wc_latency": 173.43784682537685
                }, 
                {
                    "latency": 17.63459455387047, 
                    "id": 61, 
                    "wc_latency": 60.47800465426959
                }, 
                {
                    "latency": 29.419299972367632, 
                    "id": 65, 
                    "wc_latency": 176.37932279410944
                }, 
                {
                    "latency": 28.16846425727194, 
                    "id": 69, 
                    "wc_latency": 173.43784682537685
                }, 
                {
                    "latency": 32.91730126598081, 
                    "id": 73, 
                    "wc_latency": 185.5517766500455
                }, 
                {
                    "latency": 33.372677120857574, 
                    "id": 77, 
                    "wc_latency": 176.37932279410944
                }, 
                {
                    "latency": 30.158434246467017, 
                    "id": 81, 
                    "wc_latency": 173.43784682537685
                }, 
                {
                    "latency": 24.855138036575255, 
                    "id": 85, 
                    "wc_latency": 176.37932279410944
                }, 
                {
                    "latency": 24.263067164829685, 
                    "id": 89, 
                    "wc_latency": 173.43784682537685
                }, 
                {
                    "latency": 28.718066059974355, 
                    "id": 93, 
                    "wc_latency": 173.43784682537685
                }, 
                {
                    "latency": 19.521306384858587, 
                    "id": 97, 
                    "wc_latency": 65.45058990232255
                }, 
                {
                    "latency": 12.676123484994372, 
                    "id": 101, 
                    "wc_latency": 54.58917727830063
                }, 
                {
                    "latency": 33.521395048825966, 
                    "id": 105, 
                    "wc_latency": 185.5517766500455
                }, 
                {
                    "latency": 28.38534019012821, 
                    "id": 109, 
                    "wc_latency": 173.43784682537685
                }, 
                {
                    "latency": 16.798396510292896, 
                    "id": 113, 
                    "wc_latency": 56.278136046386464
                }, 
                {
                    "latency": 14.24291847925247, 
                    "id": 117, 
                    "wc_latency": 53.33666007765389
                }, 
                {
                    "latency": 27.871841277548775, 
                    "id": 2, 
                    "wc_latency": 173.43784682537685
                }, 
                {
                    "latency": 31.9941143028473, 
                    "id": 6, 
                    "wc_latency": 173.43784682537685
                }, 
                {
                    "latency": 32.98808039889348, 
                    "id": 10, 
                    "wc_latency": 173.43784682537685
                }, 
                {
                    "latency": 33.50213026503732, 
                    "id": 14, 
                    "wc_latency": 173.43784682537685
                }, 
                {
                    "latency": 12.252948490057392, 
                    "id": 18, 
                    "wc_latency": 53.33666007765389
                }, 
                {
                    "latency": 26.253037154024764, 
                    "id": 22, 
                    "wc_latency": 173.43784682537685
                }, 
                {
                    "latency": 30.70803604916943, 
                    "id": 26, 
                    "wc_latency": 173.43784682537685
                }, 
                {
                    "latency": 14.24291847925247, 
                    "id": 30, 
                    "wc_latency": 53.33666007765389
                }, 
                {
                    "latency": 17.586614497822783, 
                    "id": 34, 
                    "wc_latency": 53.33666007765389
                }, 
                {
                    "latency": 34.034468300622024, 
                    "id": 38, 
                    "wc_latency": 176.37932279410944
                }, 
                {
                    "latency": 32.563730316255736, 
                    "id": 42, 
                    "wc_latency": 173.43784682537685
                }, 
                {
                    "latency": 14.523078965956682, 
                    "id": 46, 
                    "wc_latency": 60.47800465426959
                }, 
                {
                    "latency": 27.512410192539324, 
                    "id": 50, 
                    "wc_latency": 180.57919140199255
                }, 
                {
                    "latency": 31.03840165423688, 
                    "id": 54, 
                    "wc_latency": 176.37932279410944
                }, 
                {
                    "latency": 15.502291517767025, 
                    "id": 58, 
                    "wc_latency": 60.47800465426959
                }, 
                {
                    "latency": 15.861722602776476, 
                    "id": 62, 
                    "wc_latency": 53.33666007765389
                }, 
                {
                    "latency": 32.37382944427462, 
                    "id": 66, 
                    "wc_latency": 186.9969610925768
                }, 
                {
                    "latency": 29.25040409555905, 
                    "id": 70, 
                    "wc_latency": 176.37932279410944
                }, 
                {
                    "latency": 28.16846425727194, 
                    "id": 74, 
                    "wc_latency": 173.43784682537685
                }, 
                {
                    "latency": 32.98808039889348, 
                    "id": 78, 
                    "wc_latency": 173.43784682537685
                }, 
                {
                    "latency": 20.907182591208507, 
                    "id": 82, 
                    "wc_latency": 65.45058990232255
                }, 
                {
                    "latency": 44.325243276251555, 
                    "id": 86, 
                    "wc_latency": 206.87480701107995
                }, 
                {
                    "latency": 26.845108025770333, 
                    "id": 90, 
                    "wc_latency": 176.37932279410944
                }, 
                {
                    "latency": 32.31512460147926, 
                    "id": 94, 
                    "wc_latency": 86.773620263357
                }, 
                {
                    "latency": 12.252948490057392, 
                    "id": 98, 
                    "wc_latency": 53.33666007765389
                }, 
                {
                    "latency": 28.808515185065193, 
                    "id": 102, 
                    "wc_latency": 176.37932279410944
                }, 
                {
                    "latency": 26.253037154024764, 
                    "id": 106, 
                    "wc_latency": 173.43784682537685
                }, 
                {
                    "latency": 14.666093474189452, 
                    "id": 110, 
                    "wc_latency": 56.278136046386464
                }, 
                {
                    "latency": 16.707947385202054, 
                    "id": 114, 
                    "wc_latency": 53.33666007765389
                }, 
                {
                    "latency": 30.375310179323286, 
                    "id": 118, 
                    "wc_latency": 173.43784682537685
                }, 
                {
                    "latency": 32.91135968844091, 
                    "id": 3, 
                    "wc_latency": 173.43784682537685
                }, 
                {
                    "latency": 33.20550728531417, 
                    "id": 7, 
                    "wc_latency": 173.43784682537685
                }, 
                {
                    "latency": 30.158434246467017, 
                    "id": 11, 
                    "wc_latency": 173.43784682537685
                }, 
                {
                    "latency": 24.263067164829685, 
                    "id": 15, 
                    "wc_latency": 173.43784682537685
                }, 
                {
                    "latency": 28.38534019012821, 
                    "id": 19, 
                    "wc_latency": 173.43784682537685
                }, 
                {
                    "latency": 12.252948490057392, 
                    "id": 23, 
                    "wc_latency": 53.33666007765389
                }, 
                {
                    "latency": 16.707947385202054, 
                    "id": 27, 
                    "wc_latency": 53.33666007765389
                }, 
                {
                    "latency": 30.375310179323286, 
                    "id": 31, 
                    "wc_latency": 173.43784682537685
                }, 
                {
                    "latency": 33.7190061978936, 
                    "id": 35, 
                    "wc_latency": 173.43784682537685
                }, 
                {
                    "latency": 32.918433688907854, 
                    "id": 39, 
                    "wc_latency": 180.57919140199255
                }, 
                {
                    "latency": 26.53319764072898, 
                    "id": 43, 
                    "wc_latency": 180.57919140199255
                }, 
                {
                    "latency": 30.655470666027504, 
                    "id": 47, 
                    "wc_latency": 180.57919140199255
                }, 
                {
                    "latency": 13.512321528571949, 
                    "id": 51, 
                    "wc_latency": 50.37043028042226
                }, 
                {
                    "latency": 17.03831299026951, 
                    "id": 55, 
                    "wc_latency": 56.278136046386464
                }, 
                {
                    "latency": 31.634683217837846, 
                    "id": 59, 
                    "wc_latency": 180.57919140199255
                }, 
                {
                    "latency": 31.9941143028473, 
                    "id": 63, 
                    "wc_latency": 173.43784682537685
                }, 
                {
                    "latency": 18.373740780307248, 
                    "id": 67, 
                    "wc_latency": 66.89577434485386
                }, 
                {
                    "latency": 31.363072006889883, 
                    "id": 71, 
                    "wc_latency": 186.9969610925768
                }, 
                {
                    "latency": 31.24037408475413, 
                    "id": 75, 
                    "wc_latency": 176.37932279410944
                }, 
                {
                    "latency": 19.352953332117593, 
                    "id": 79, 
                    "wc_latency": 66.89577434485386
                }, 
                {
                    "latency": 16.15834558249964, 
                    "id": 83, 
                    "wc_latency": 53.33666007765389
                }, 
                {
                    "latency": 42.064533785071674, 
                    "id": 87, 
                    "wc_latency": 86.773620263357
                }, 
                {
                    "latency": 12.845019361802958, 
                    "id": 91, 
                    "wc_latency": 56.278136046386464
                }, 
                {
                    "latency": 33.521395048825966, 
                    "id": 95, 
                    "wc_latency": 185.5517766500455
                }, 
                {
                    "latency": 28.38534019012821, 
                    "id": 99, 
                    "wc_latency": 173.43784682537685
                }, 
                {
                    "latency": 28.718066059974355, 
                    "id": 103, 
                    "wc_latency": 173.43784682537685
                }, 
                {
                    "latency": 19.521306384858587, 
                    "id": 107, 
                    "wc_latency": 65.45058990232255
                }, 
                {
                    "latency": 30.79848517426027, 
                    "id": 111, 
                    "wc_latency": 176.37932279410944
                }, 
                {
                    "latency": 32.84033908527287, 
                    "id": 115, 
                    "wc_latency": 173.43784682537685
                }, 
                {
                    "latency": 16.375221515355918, 
                    "id": 119, 
                    "wc_latency": 53.33666007765389
                }
            ], 
            "wc_latency": {
                "lowest": 50.37043028042226, 
                "highest_combo": [
                    7, 
                    8, 
                    10
                ], 
                "lowest_combo": [
                    3, 
                    8, 
                    11
                ], 
                "sum": 16972.127777196732, 
                "num": 120, 
                "duration": 0.0018341541290283203, 
                "highest": 206.87480701107995, 
                "mean": 141.4343981433061
            }
        }, 
        "2": {
            "latency": {
                "lowest": 17.586614497822783, 
                "highest_combo": [
                    7, 
                    8
                ], 
                "lowest_combo": [
                    0, 
                    11
                ], 
                "sum": 1562.3401285082366, 
                "num": 45, 
                "duration": 0.0015172958374023438, 
                "highest": 64.74198447537475, 
                "mean": 34.71866952240526
            }, 
            "distribution": [
                {
                    "latency": 33.20550728531417, 
                    "id": 0, 
                    "wc_latency": 173.43784682537685
                }, 
                {
                    "latency": 34.05173206773974, 
                    "id": 4, 
                    "wc_latency": 173.43784682537685
                }, 
                {
                    "latency": 34.93039918036047, 
                    "id": 8, 
                    "wc_latency": 173.43784682537685
                }, 
                {
                    "latency": 34.67624526968045, 
                    "id": 12, 
                    "wc_latency": 176.37932279410944
                }, 
                {
                    "latency": 33.20550728531417, 
                    "id": 16, 
                    "wc_latency": 173.43784682537685
                }, 
                {
                    "latency": 38.052649441375266, 
                    "id": 20, 
                    "wc_latency": 186.9969610925768
                }, 
                {
                    "latency": 64.74198447537475, 
                    "id": 24, 
                    "wc_latency": 226.77450690303073
                }, 
                {
                    "latency": 38.07648404986314, 
                    "id": 28, 
                    "wc_latency": 185.5517766500455
                }, 
                {
                    "latency": 54.922276552180506, 
                    "id": 32, 
                    "wc_latency": 106.67332015530778
                }, 
                {
                    "latency": 18.30393708963302, 
                    "id": 36, 
                    "wc_latency": 56.278136046386464
                }, 
                {
                    "latency": 40.066454039058215, 
                    "id": 40, 
                    "wc_latency": 185.5517766500455
                }, 
                {
                    "latency": 33.7190061978936, 
                    "id": 44, 
                    "wc_latency": 173.43784682537685
                }, 
                {
                    "latency": 33.50213026503732, 
                    "id": 1, 
                    "wc_latency": 173.43784682537685
                }, 
                {
                    "latency": 31.586703161790155, 
                    "id": 5, 
                    "wc_latency": 173.43784682537685
                }, 
                {
                    "latency": 36.97626416513973, 
                    "id": 9, 
                    "wc_latency": 180.57919140199255
                }, 
                {
                    "latency": 33.56021065796628, 
                    "id": 13, 
                    "wc_latency": 180.57919140199255
                }, 
                {
                    "latency": 37.073436889564924, 
                    "id": 17, 
                    "wc_latency": 186.9969610925768
                }, 
                {
                    "latency": 24.0525607774079, 
                    "id": 21, 
                    "wc_latency": 66.89577434485386
                }, 
                {
                    "latency": 30.482951641213894, 
                    "id": 25, 
                    "wc_latency": 176.37932279410944
                }, 
                {
                    "latency": 29.596733172595076, 
                    "id": 29, 
                    "wc_latency": 173.43784682537685
                }, 
                {
                    "latency": 38.07648404986314, 
                    "id": 33, 
                    "wc_latency": 185.5517766500455
                }, 
                {
                    "latency": 34.436328789703836, 
                    "id": 37, 
                    "wc_latency": 176.37932279410944
                }, 
                {
                    "latency": 31.586703161790155, 
                    "id": 41, 
                    "wc_latency": 173.43784682537685
                }, 
                {
                    "latency": 29.596733172595076, 
                    "id": 2, 
                    "wc_latency": 173.43784682537685
                }, 
                {
                    "latency": 17.586614497822783, 
                    "id": 6, 
                    "wc_latency": 53.33666007765389
                }, 
                {
                    "latency": 32.58099810615594, 
                    "id": 10, 
                    "wc_latency": 180.57919140199255
                }, 
                {
                    "latency": 19.56012199399891, 
                    "id": 14, 
                    "wc_latency": 60.47800465426959
                }, 
                {
                    "latency": 36.0626794521802, 
                    "id": 18, 
                    "wc_latency": 186.9969610925768
                }, 
                {
                    "latency": 39.46236025621306, 
                    "id": 22, 
                    "wc_latency": 185.5517766500455
                }, 
                {
                    "latency": 53.002605302587256, 
                    "id": 26, 
                    "wc_latency": 206.87480701107995
                }, 
                {
                    "latency": 30.314055764405317, 
                    "id": 30, 
                    "wc_latency": 176.37932279410944
                }, 
                {
                    "latency": 29.596733172595076, 
                    "id": 34, 
                    "wc_latency": 173.43784682537685
                }, 
                {
                    "latency": 34.05173206773974, 
                    "id": 38, 
                    "wc_latency": 173.43784682537685
                }, 
                {
                    "latency": 26.06636537509084, 
                    "id": 42, 
                    "wc_latency": 65.45058990232255
                }, 
                {
                    "latency": 29.596733172595076, 
                    "id": 3, 
                    "wc_latency": 173.43784682537685
                }, 
                {
                    "latency": 33.7190061978936, 
                    "id": 7, 
                    "wc_latency": 173.43784682537685
                }, 
                {
                    "latency": 31.570240668771202, 
                    "id": 11, 
                    "wc_latency": 180.57919140199255
                }, 
                {
                    "latency": 35.69251369406973, 
                    "id": 15, 
                    "wc_latency": 180.57919140199255
                }, 
                {
                    "latency": 34.8782177001977, 
                    "id": 19, 
                    "wc_latency": 176.37932279410944
                }, 
                {
                    "latency": 33.50213026503732, 
                    "id": 23, 
                    "wc_latency": 173.43784682537685
                }, 
                {
                    "latency": 52.73186580060245, 
                    "id": 27, 
                    "wc_latency": 106.67332015530778
                }, 
                {
                    "latency": 53.002605302587256, 
                    "id": 31, 
                    "wc_latency": 206.87480701107995
                }, 
                {
                    "latency": 32.30402575360039, 
                    "id": 35, 
                    "wc_latency": 176.37932279410944
                }, 
                {
                    "latency": 40.992486627814955, 
                    "id": 39, 
                    "wc_latency": 86.773620263357
                }, 
                {
                    "latency": 17.586614497822783, 
                    "id": 43, 
                    "wc_latency": 53.33666007765389
                }
            ], 
            "wc_latency": {
                "lowest": 53.33666007765389, 
                "highest_combo": [
                    7, 
                    8
                ], 
                "lowest_combo": [
                    0, 
                    11
                ], 
                "sum": 7162.357792635488, 
                "num": 45, 
                "duration": 0.010259866714477539, 
                "highest": 226.77450690303073, 
                "mean": 159.16350650301086
            }
        }, 
        "4": {
            "latency": {
                "lowest": 6.919282482292003, 
                "highest_combo": [
                    0, 
                    6, 
                    9, 
                    13
                ], 
                "lowest_combo": [
                    0, 
                    7, 
                    8, 
                    11
                ], 
                "sum": 4524.548873967408, 
                "num": 210, 
                "duration": 0.004027605056762695, 
                "highest": 32.98808039889348, 
                "mean": 21.54547082841623
            }, 
            "distribution": [
                {
                    "latency": 27.52668728821351, 
                    "id": 0, 
                    "wc_latency": 173.43784682537685
                }, 
                {
                    "latency": 15.21994563371805, 
                    "id": 4, 
                    "wc_latency": 53.33666007765389
                }, 
                {
                    "latency": 27.874316660398684, 
                    "id": 8, 
                    "wc_latency": 173.43784682537685
                }, 
                {
                    "latency": 28.16846425727194, 
                    "id": 12, 
                    "wc_latency": 173.43784682537685
                }, 
                {
                    "latency": 26.66044829508191, 
                    "id": 16, 
                    "wc_latency": 173.43784682537685
                }, 
                {
                    "latency": 31.69996670597404, 
                    "id": 20, 
                    "wc_latency": 173.43784682537685
                }, 
                {
                    "latency": 29.861811266743853, 
                    "id": 24, 
                    "wc_latency": 173.43784682537685
                }, 
                {
                    "latency": 22.834798249506544, 
                    "id": 28, 
                    "wc_latency": 173.43784682537685
                }, 
                {
                    "latency": 26.95707127480507, 
                    "id": 32, 
                    "wc_latency": 173.43784682537685
                }, 
                {
                    "latency": 10.824679574734251, 
                    "id": 36, 
                    "wc_latency": 53.33666007765389
                }, 
                {
                    "latency": 15.64429571635579, 
                    "id": 40, 
                    "wc_latency": 53.33666007765389
                }, 
                {
                    "latency": 28.94704126400015, 
                    "id": 44, 
                    "wc_latency": 173.43784682537685
                }, 
                {
                    "latency": 32.290737282570454, 
                    "id": 48, 
                    "wc_latency": 173.43784682537685
                }, 
                {
                    "latency": 23.051674182362824, 
                    "id": 52, 
                    "wc_latency": 173.43784682537685
                }, 
                {
                    "latency": 27.506673077507486, 
                    "id": 56, 
                    "wc_latency": 173.43784682537685
                }, 
                {
                    "latency": 26.253037154024764, 
                    "id": 60, 
                    "wc_latency": 173.43784682537685
                }, 
                {
                    "latency": 25.374370041404042, 
                    "id": 64, 
                    "wc_latency": 173.43784682537685
                }, 
                {
                    "latency": 8.90925247148708, 
                    "id": 68, 
                    "wc_latency": 53.33666007765389
                }, 
                {
                    "latency": 12.252948490057392, 
                    "id": 72, 
                    "wc_latency": 53.33666007765389
                }, 
                {
                    "latency": 30.70803604916943, 
                    "id": 76, 
                    "wc_latency": 173.43784682537685
                }, 
                {
                    "latency": 13.031525496785605, 
                    "id": 80, 
                    "wc_latency": 53.33666007765389
                }, 
                {
                    "latency": 25.891420671670552, 
                    "id": 84, 
                    "wc_latency": 180.57919140199255
                }, 
                {
                    "latency": 30.013693696969074, 
                    "id": 88, 
                    "wc_latency": 180.57919140199255
                }, 
                {
                    "latency": 12.870544559513522, 
                    "id": 92, 
                    "wc_latency": 50.37043028042226
                }, 
                {
                    "latency": 16.396536021211084, 
                    "id": 96, 
                    "wc_latency": 56.278136046386464
                }, 
                {
                    "latency": 30.992906248779416, 
                    "id": 100, 
                    "wc_latency": 180.57919140199255
                }, 
                {
                    "latency": 31.35233733378887, 
                    "id": 104, 
                    "wc_latency": 173.43784682537685
                }, 
                {
                    "latency": 24.60767020060054, 
                    "id": 108, 
                    "wc_latency": 180.57919140199255
                }, 
                {
                    "latency": 28.133661662298103, 
                    "id": 112, 
                    "wc_latency": 176.37932279410944
                }, 
                {
                    "latency": 24.824768238701623, 
                    "id": 116, 
                    "wc_latency": 173.43784682537685
                }, 
                {
                    "latency": 25.41058804959824, 
                    "id": 120, 
                    "wc_latency": 176.37932279410944
                }, 
                {
                    "latency": 9.454491052340067, 
                    "id": 124, 
                    "wc_latency": 50.37043028042226
                }, 
                {
                    "latency": 10.52805659501109, 
                    "id": 128, 
                    "wc_latency": 50.37043028042226
                }, 
                {
                    "latency": 29.567663669870598, 
                    "id": 132, 
                    "wc_latency": 173.43784682537685
                }, 
                {
                    "latency": 13.57676407763859, 
                    "id": 136, 
                    "wc_latency": 60.47800465426959
                }, 
                {
                    "latency": 23.79148636772899, 
                    "id": 140, 
                    "wc_latency": 176.37932279410944
                }, 
                {
                    "latency": 22.834798249506544, 
                    "id": 144, 
                    "wc_latency": 173.43784682537685
                }, 
                {
                    "latency": 27.654414391128093, 
                    "id": 148, 
                    "wc_latency": 173.43784682537685
                }, 
                {
                    "latency": 15.228362594107855, 
                    "id": 152, 
                    "wc_latency": 65.45058990232255
                }, 
                {
                    "latency": 11.612471816148108, 
                    "id": 156, 
                    "wc_latency": 54.58917727830063
                }, 
                {
                    "latency": 28.36221226494363, 
                    "id": 160, 
                    "wc_latency": 185.5517766500455
                }, 
                {
                    "latency": 26.95707127480507, 
                    "id": 164, 
                    "wc_latency": 173.43784682537685
                }, 
                {
                    "latency": 15.734744841446632, 
                    "id": 168, 
                    "wc_latency": 56.278136046386464
                }, 
                {
                    "latency": 12.814649563929327, 
                    "id": 172, 
                    "wc_latency": 53.33666007765389
                }, 
                {
                    "latency": 7.21720575716431, 
                    "id": 176, 
                    "wc_latency": 36.37843615443569
                }, 
                {
                    "latency": 26.976336058593706, 
                    "id": 180, 
                    "wc_latency": 185.5517766500455
                }, 
                {
                    "latency": 23.051674182362824, 
                    "id": 184, 
                    "wc_latency": 173.43784682537685
                }, 
                {
                    "latency": 11.339478782462832, 
                    "id": 188, 
                    "wc_latency": 56.278136046386464
                }, 
                {
                    "latency": 8.90925247148708, 
                    "id": 192, 
                    "wc_latency": 53.33666007765389
                }, 
                {
                    "latency": 25.170671569621625, 
                    "id": 196, 
                    "wc_latency": 176.37932279410944
                }, 
                {
                    "latency": 27.506673077507486, 
                    "id": 200, 
                    "wc_latency": 173.43784682537685
                }, 
                {
                    "latency": 11.041555507590527, 
                    "id": 204, 
                    "wc_latency": 53.33666007765389
                }, 
                {
                    "latency": 15.49655440273519, 
                    "id": 208, 
                    "wc_latency": 53.33666007765389
                }, 
                {
                    "latency": 27.23006430849035, 
                    "id": 1, 
                    "wc_latency": 173.43784682537685
                }, 
                {
                    "latency": 31.35233733378887, 
                    "id": 5, 
                    "wc_latency": 173.43784682537685
                }, 
                {
                    "latency": 24.824768238701623, 
                    "id": 9, 
                    "wc_latency": 173.43784682537685
                }, 
                {
                    "latency": 27.577693680675516, 
                    "id": 13, 
                    "wc_latency": 173.43784682537685
                }, 
                {
                    "latency": 27.871841277548775, 
                    "id": 17, 
                    "wc_latency": 173.43784682537685
                }, 
                {
                    "latency": 32.91135968844091, 
                    "id": 21, 
                    "wc_latency": 173.43784682537685
                }, 
                {
                    "latency": 14.650329620309611, 
                    "id": 25, 
                    "wc_latency": 53.33666007765389
                }, 
                {
                    "latency": 27.654414391128093, 
                    "id": 29, 
                    "wc_latency": 173.43784682537685
                }, 
                {
                    "latency": 28.16846425727194, 
                    "id": 33, 
                    "wc_latency": 173.43784682537685
                }, 
                {
                    "latency": 26.95707127480507, 
                    "id": 37, 
                    "wc_latency": 173.43784682537685
                }, 
                {
                    "latency": 31.776687416426615, 
                    "id": 41, 
                    "wc_latency": 173.43784682537685
                }, 
                {
                    "latency": 30.158434246467017, 
                    "id": 45, 
                    "wc_latency": 173.43784682537685
                }, 
                {
                    "latency": 23.384400052208964, 
                    "id": 49, 
                    "wc_latency": 173.43784682537685
                }, 
                {
                    "latency": 24.263067164829685, 
                    "id": 53, 
                    "wc_latency": 173.43784682537685
                }, 
                {
                    "latency": 28.718066059974355, 
                    "id": 57, 
                    "wc_latency": 173.43784682537685
                }, 
                {
                    "latency": 11.041555507590527, 
                    "id": 61, 
                    "wc_latency": 53.33666007765389
                }, 
                {
                    "latency": 11.374281377436668, 
                    "id": 65, 
                    "wc_latency": 53.33666007765389
                }, 
                {
                    "latency": 25.0416441715579, 
                    "id": 69, 
                    "wc_latency": 173.43784682537685
                }, 
                {
                    "latency": 28.38534019012821, 
                    "id": 73, 
                    "wc_latency": 173.43784682537685
                }, 
                {
                    "latency": 15.49655440273519, 
                    "id": 77, 
                    "wc_latency": 53.33666007765389
                }, 
                {
                    "latency": 14.24291847925247, 
                    "id": 81, 
                    "wc_latency": 53.33666007765389
                }, 
                {
                    "latency": 28.997425272579797, 
                    "id": 85, 
                    "wc_latency": 176.37932279410944
                }, 
                {
                    "latency": 27.52668728821351, 
                    "id": 89, 
                    "wc_latency": 173.43784682537685
                }, 
                {
                    "latency": 29.002936259584345, 
                    "id": 93, 
                    "wc_latency": 180.57919140199255
                }, 
                {
                    "latency": 32.5289277212819, 
                    "id": 97, 
                    "wc_latency": 176.37932279410944
                }, 
                {
                    "latency": 29.220034297685423, 
                    "id": 101, 
                    "wc_latency": 173.43784682537685
                }, 
                {
                    "latency": 24.01138863699958, 
                    "id": 105, 
                    "wc_latency": 176.37932279410944
                }, 
                {
                    "latency": 22.834798249506544, 
                    "id": 109, 
                    "wc_latency": 173.43784682537685
                }, 
                {
                    "latency": 27.874316660398684, 
                    "id": 113, 
                    "wc_latency": 173.43784682537685
                }, 
                {
                    "latency": 12.597551525828248, 
                    "id": 117, 
                    "wc_latency": 60.47800465426959
                }, 
                {
                    "latency": 11.41049938563086, 
                    "id": 121, 
                    "wc_latency": 50.37043028042226
                }, 
                {
                    "latency": 25.586882752410887, 
                    "id": 125, 
                    "wc_latency": 180.57919140199255
                }, 
                {
                    "latency": 26.66044829508191, 
                    "id": 129, 
                    "wc_latency": 173.43784682537685
                }, 
                {
                    "latency": 15.532772410929386, 
                    "id": 133, 
                    "wc_latency": 56.278136046386464
                }, 
                {
                    "latency": 12.518026584206165, 
                    "id": 137, 
                    "wc_latency": 53.33666007765389
                }, 
                {
                    "latency": 25.68425200978923, 
                    "id": 141, 
                    "wc_latency": 186.9969610925768
                }, 
                {
                    "latency": 25.781456356924064, 
                    "id": 145, 
                    "wc_latency": 176.37932279410944
                }, 
                {
                    "latency": 13.674133335016938, 
                    "id": 149, 
                    "wc_latency": 66.89577434485386
                }, 
                {
                    "latency": 10.824679574734251, 
                    "id": 153, 
                    "wc_latency": 53.33666007765389
                }, 
                {
                    "latency": 27.744863516218924, 
                    "id": 157, 
                    "wc_latency": 176.37932279410944
                }, 
                {
                    "latency": 24.824768238701623, 
                    "id": 161, 
                    "wc_latency": 173.43784682537685
                }, 
                {
                    "latency": 13.602441805343187, 
                    "id": 165, 
                    "wc_latency": 56.278136046386464
                }, 
                {
                    "latency": 15.64429571635579, 
                    "id": 169, 
                    "wc_latency": 53.33666007765389
                }, 
                {
                    "latency": 28.94704126400015, 
                    "id": 173, 
                    "wc_latency": 173.43784682537685
                }, 
                {
                    "latency": 23.34959745723513, 
                    "id": 177, 
                    "wc_latency": 176.37932279410944
                }, 
                {
                    "latency": 20.919371146259376, 
                    "id": 181, 
                    "wc_latency": 173.43784682537685
                }, 
                {
                    "latency": 9.207175746359386, 
                    "id": 185, 
                    "wc_latency": 56.278136046386464
                }, 
                {
                    "latency": 11.374281377436668, 
                    "id": 189, 
                    "wc_latency": 53.33666007765389
                }, 
                {
                    "latency": 25.0416441715579, 
                    "id": 193, 
                    "wc_latency": 173.43784682537685
                }, 
                {
                    "latency": 25.374370041404042, 
                    "id": 197, 
                    "wc_latency": 173.43784682537685
                }, 
                {
                    "latency": 14.96621738382141, 
                    "id": 201, 
                    "wc_latency": 65.45058990232255
                }, 
                {
                    "latency": 13.160552894849328, 
                    "id": 205, 
                    "wc_latency": 56.278136046386464
                }, 
                {
                    "latency": 13.031525496785605, 
                    "id": 209, 
                    "wc_latency": 53.33666007765389
                }, 
                {
                    "latency": 32.26958271938248, 
                    "id": 2, 
                    "wc_latency": 173.43784682537685
                }, 
                {
                    "latency": 32.563730316255736, 
                    "id": 6, 
                    "wc_latency": 173.43784682537685
                }, 
                {
                    "latency": 10.824679574734251, 
                    "id": 10, 
                    "wc_latency": 53.33666007765389
                }, 
                {
                    "latency": 24.528145258978462, 
                    "id": 14, 
                    "wc_latency": 173.43784682537685
                }, 
                {
                    "latency": 29.567663669870598, 
                    "id": 18, 
                    "wc_latency": 173.43784682537685
                }, 
                {
                    "latency": 12.518026584206165, 
                    "id": 22, 
                    "wc_latency": 53.33666007765389
                }, 
                {
                    "latency": 15.861722602776476, 
                    "id": 26, 
                    "wc_latency": 53.33666007765389
                }, 
                {
                    "latency": 24.824768238701623, 
                    "id": 30, 
                    "wc_latency": 173.43784682537685
                }, 
                {
                    "latency": 27.654414391128093, 
                    "id": 34, 
                    "wc_latency": 173.43784682537685
                }, 
                {
                    "latency": 28.16846425727194, 
                    "id": 38, 
                    "wc_latency": 173.43784682537685
                }, 
                {
                    "latency": 32.98808039889348, 
                    "id": 42, 
                    "wc_latency": 173.43784682537685
                }, 
                {
                    "latency": 14.946952600032773, 
                    "id": 46, 
                    "wc_latency": 53.33666007765389
                }, 
                {
                    "latency": 20.919371146259376, 
                    "id": 50, 
                    "wc_latency": 173.43784682537685
                }, 
                {
                    "latency": 25.374370041404042, 
                    "id": 54, 
                    "wc_latency": 173.43784682537685
                }, 
                {
                    "latency": 8.90925247148708, 
                    "id": 58, 
                    "wc_latency": 53.33666007765389
                }, 
                {
                    "latency": 12.252948490057392, 
                    "id": 62, 
                    "wc_latency": 53.33666007765389
                }, 
                {
                    "latency": 27.506673077507486, 
                    "id": 66, 
                    "wc_latency": 173.43784682537685
                }, 
                {
                    "latency": 26.253037154024764, 
                    "id": 70, 
                    "wc_latency": 173.43784682537685
                }, 
                {
                    "latency": 13.364251366631745, 
                    "id": 74, 
                    "wc_latency": 53.33666007765389
                }, 
                {
                    "latency": 16.707947385202054, 
                    "id": 78, 
                    "wc_latency": 53.33666007765389
                }, 
                {
                    "latency": 30.375310179323286, 
                    "id": 82, 
                    "wc_latency": 173.43784682537685
                }, 
                {
                    "latency": 27.881390660865627, 
                    "id": 86, 
                    "wc_latency": 180.57919140199255
                }, 
                {
                    "latency": 28.406654695983377, 
                    "id": 90, 
                    "wc_latency": 176.37932279410944
                }, 
                {
                    "latency": 27.23006430849035, 
                    "id": 94, 
                    "wc_latency": 173.43784682537685
                }, 
                {
                    "latency": 32.26958271938248, 
                    "id": 98, 
                    "wc_latency": 173.43784682537685
                }, 
                {
                    "latency": 16.99281758481204, 
                    "id": 102, 
                    "wc_latency": 60.47800465426959
                }, 
                {
                    "latency": 22.475367164497094, 
                    "id": 106, 
                    "wc_latency": 180.57919140199255
                }, 
                {
                    "latency": 26.001358626194655, 
                    "id": 110, 
                    "wc_latency": 176.37932279410944
                }, 
                {
                    "latency": 10.465248489724802, 
                    "id": 114, 
                    "wc_latency": 60.47800465426959
                }, 
                {
                    "latency": 10.824679574734251, 
                    "id": 118, 
                    "wc_latency": 53.33666007765389
                }, 
                {
                    "latency": 27.542891085701683, 
                    "id": 122, 
                    "wc_latency": 176.37932279410944
                }, 
                {
                    "latency": 24.528145258978462, 
                    "id": 126, 
                    "wc_latency": 173.43784682537685
                }, 
                {
                    "latency": 13.40046937482594, 
                    "id": 130, 
                    "wc_latency": 56.278136046386464
                }, 
                {
                    "latency": 15.567575005903219, 
                    "id": 134, 
                    "wc_latency": 53.33666007765389
                }, 
                {
                    "latency": 28.650418284276988, 
                    "id": 138, 
                    "wc_latency": 173.43784682537685
                }, 
                {
                    "latency": 11.684163345821863, 
                    "id": 142, 
                    "wc_latency": 46.996074452903095
                }, 
                {
                    "latency": 11.78136769295669, 
                    "id": 146, 
                    "wc_latency": 56.278136046386464
                }, 
                {
                    "latency": 29.22845125807523, 
                    "id": 150, 
                    "wc_latency": 185.5517766500455
                }, 
                {
                    "latency": 26.95707127480507, 
                    "id": 154, 
                    "wc_latency": 173.43784682537685
                }, 
                {
                    "latency": 27.654414391128093, 
                    "id": 158, 
                    "wc_latency": 173.43784682537685
                }, 
                {
                    "latency": 14.362123600976256, 
                    "id": 162, 
                    "wc_latency": 56.78819997100654
                }, 
                {
                    "latency": 29.73483350541401, 
                    "id": 166, 
                    "wc_latency": 176.37932279410944
                }, 
                {
                    "latency": 31.776687416426615, 
                    "id": 170, 
                    "wc_latency": 173.43784682537685
                }, 
                {
                    "latency": 14.946952600032773, 
                    "id": 174, 
                    "wc_latency": 53.33666007765389
                }, 
                {
                    "latency": 23.384400052208964, 
                    "id": 178, 
                    "wc_latency": 173.43784682537685
                }, 
                {
                    "latency": 12.976247394626332, 
                    "id": 182, 
                    "wc_latency": 45.55089001037177
                }, 
                {
                    "latency": 25.33956744643021, 
                    "id": 186, 
                    "wc_latency": 176.37932279410944
                }, 
                {
                    "latency": 27.506673077507486, 
                    "id": 190, 
                    "wc_latency": 173.43784682537685
                }, 
                {
                    "latency": 11.041555507590527, 
                    "id": 194, 
                    "wc_latency": 53.33666007765389
                }, 
                {
                    "latency": 11.170582905654248, 
                    "id": 198, 
                    "wc_latency": 54.58917727830063
                }, 
                {
                    "latency": 8.90925247148708, 
                    "id": 202, 
                    "wc_latency": 53.33666007765389
                }, 
                {
                    "latency": 13.364251366631745, 
                    "id": 206, 
                    "wc_latency": 53.33666007765389
                }, 
                {
                    "latency": 29.220034297685423, 
                    "id": 3, 
                    "wc_latency": 173.43784682537685
                }, 
                {
                    "latency": 22.834798249506544, 
                    "id": 7, 
                    "wc_latency": 173.43784682537685
                }, 
                {
                    "latency": 26.95707127480507, 
                    "id": 11, 
                    "wc_latency": 173.43784682537685
                }, 
                {
                    "latency": 10.52805659501109, 
                    "id": 15, 
                    "wc_latency": 50.37043028042226
                }, 
                {
                    "latency": 15.567575005903219, 
                    "id": 19, 
                    "wc_latency": 53.33666007765389
                }, 
                {
                    "latency": 28.650418284276988, 
                    "id": 23, 
                    "wc_latency": 173.43784682537685
                }, 
                {
                    "latency": 31.9941143028473, 
                    "id": 27, 
                    "wc_latency": 173.43784682537685
                }, 
                {
                    "latency": 10.824679574734251, 
                    "id": 31, 
                    "wc_latency": 53.33666007765389
                }, 
                {
                    "latency": 24.824768238701623, 
                    "id": 35, 
                    "wc_latency": 173.43784682537685
                }, 
                {
                    "latency": 29.644384380323167, 
                    "id": 39, 
                    "wc_latency": 173.43784682537685
                }, 
                {
                    "latency": 12.814649563929327, 
                    "id": 43, 
                    "wc_latency": 53.33666007765389
                }, 
                {
                    "latency": 16.15834558249964, 
                    "id": 47, 
                    "wc_latency": 53.33666007765389
                }, 
                {
                    "latency": 6.919282482292003, 
                    "id": 51, 
                    "wc_latency": 33.436960185703114
                }, 
                {
                    "latency": 11.374281377436668, 
                    "id": 55, 
                    "wc_latency": 53.33666007765389
                }, 
                {
                    "latency": 25.0416441715579, 
                    "id": 59, 
                    "wc_latency": 173.43784682537685
                }, 
                {
                    "latency": 28.38534019012821, 
                    "id": 63, 
                    "wc_latency": 173.43784682537685
                }, 
                {
                    "latency": 28.718066059974355, 
                    "id": 67, 
                    "wc_latency": 173.43784682537685
                }, 
                {
                    "latency": 11.041555507590527, 
                    "id": 71, 
                    "wc_latency": 53.33666007765389
                }, 
                {
                    "latency": 29.496643066702564, 
                    "id": 75, 
                    "wc_latency": 173.43784682537685
                }, 
                {
                    "latency": 32.84033908527287, 
                    "id": 79, 
                    "wc_latency": 173.43784682537685
                }, 
                {
                    "latency": 16.375221515355918, 
                    "id": 83, 
                    "wc_latency": 53.33666007765389
                }, 
                {
                    "latency": 13.881301996898253, 
                    "id": 87, 
                    "wc_latency": 60.47800465426959
                }, 
                {
                    "latency": 26.870633223480894, 
                    "id": 91, 
                    "wc_latency": 180.57919140199255
                }, 
                {
                    "latency": 30.396624685178455, 
                    "id": 95, 
                    "wc_latency": 176.37932279410944
                }, 
                {
                    "latency": 14.860514548708597, 
                    "id": 99, 
                    "wc_latency": 60.47800465426959
                }, 
                {
                    "latency": 15.21994563371805, 
                    "id": 103, 
                    "wc_latency": 53.33666007765389
                }, 
                {
                    "latency": 8.475278500529724, 
                    "id": 107, 
                    "wc_latency": 40.578304762318815
                }, 
                {
                    "latency": 12.001269962227282, 
                    "id": 111, 
                    "wc_latency": 56.278136046386464
                }, 
                {
                    "latency": 26.597640189795623, 
                    "id": 115, 
                    "wc_latency": 180.57919140199255
                }, 
                {
                    "latency": 26.95707127480507, 
                    "id": 119, 
                    "wc_latency": 173.43784682537685
                }, 
                {
                    "latency": 27.577693680675516, 
                    "id": 123, 
                    "wc_latency": 173.43784682537685
                }, 
                {
                    "latency": 11.586794088443513, 
                    "id": 127, 
                    "wc_latency": 50.37043028042226
                }, 
                {
                    "latency": 29.532861074896754, 
                    "id": 131, 
                    "wc_latency": 176.37932279410944
                }, 
                {
                    "latency": 31.69996670597404, 
                    "id": 135, 
                    "wc_latency": 173.43784682537685
                }, 
                {
                    "latency": 14.650329620309611, 
                    "id": 139, 
                    "wc_latency": 53.33666007765389
                }, 
                {
                    "latency": 27.238481268880157, 
                    "id": 143, 
                    "wc_latency": 185.5517766500455
                }, 
                {
                    "latency": 27.91375939302751, 
                    "id": 147, 
                    "wc_latency": 176.37932279410944
                }, 
                {
                    "latency": 24.824768238701623, 
                    "id": 151, 
                    "wc_latency": 173.43784682537685
                }, 
                {
                    "latency": 25.612560480115484, 
                    "id": 155, 
                    "wc_latency": 176.37932279410944
                }, 
                {
                    "latency": 12.663375897632207, 
                    "id": 159, 
                    "wc_latency": 56.78819997100654
                }, 
                {
                    "latency": 10.824679574734251, 
                    "id": 163, 
                    "wc_latency": 53.33666007765389
                }, 
                {
                    "latency": 29.644384380323167, 
                    "id": 167, 
                    "wc_latency": 173.43784682537685
                }, 
                {
                    "latency": 16.35209359017133, 
                    "id": 171, 
                    "wc_latency": 65.45058990232255
                }, 
                {
                    "latency": 21.217294421131687, 
                    "id": 175, 
                    "wc_latency": 176.37932279410944
                }, 
                {
                    "latency": 23.637762575143558, 
                    "id": 179, 
                    "wc_latency": 46.996074452903095
                }, 
                {
                    "latency": 6.919282482292003, 
                    "id": 183, 
                    "wc_latency": 33.436960185703114
                }, 
                {
                    "latency": 25.374370041404042, 
                    "id": 187, 
                    "wc_latency": 173.43784682537685
                }, 
                {
                    "latency": 14.96621738382141, 
                    "id": 191, 
                    "wc_latency": 65.45058990232255
                }, 
                {
                    "latency": 9.038279869550802, 
                    "id": 195, 
                    "wc_latency": 54.58917727830063
                }, 
                {
                    "latency": 11.374281377436668, 
                    "id": 199, 
                    "wc_latency": 53.33666007765389
                }, 
                {
                    "latency": 25.0416441715579, 
                    "id": 203, 
                    "wc_latency": 173.43784682537685
                }, 
                {
                    "latency": 29.496643066702564, 
                    "id": 207, 
                    "wc_latency": 173.43784682537685
                }
            ], 
            "wc_latency": {
                "lowest": 33.436960185703114, 
                "highest_combo": [
                    6, 
                    7, 
                    8, 
                    10
                ], 
                "lowest_combo": [
                    0, 
                    7, 
                    8, 
                    11
                ], 
                "sum": 26562.86393820601, 
                "num": 210, 
                "duration": 0.03289461135864258, 
                "highest": 186.9969610925768, 
                "mean": 126.48982827717148
            }
        }
    }
}