{
    "group": [
        "1", 
        "2", 
        "3", 
        "4", 
        "5", 
        "6", 
        "7", 
        "8", 
        "9", 
        "10", 
        "11", 
        "12", 
        "23", 
        "24", 
        "25", 
        "26", 
        "27", 
        "28", 
        "29", 
        "30", 
        "31", 
        "32", 
        "33", 
        "34"
    ], 
    "metric": [
        "latency", 
        "wc_latency"
    ], 
    "data": {
        "24": {
            "latency": {
                "lowest": 38.48475580958144, 
                "highest_combo": [
                    "Baton Rouge", 
                    "Raleigh, NC", 
                    "Chicago", 
                    "Dallas", 
                    "Louisville", 
                    "Washington DC", 
                    "Indianapolis", 
                    "Pittsburgh", 
                    "Nashville", 
                    "Albuquerque", 
                    "Atlanta", 
                    "Memphis", 
                    "Jacksonville", 
                    "Miami", 
                    "Kansas City, MO", 
                    "Philadelphia", 
                    "Buffalo", 
                    "Houston", 
                    "Boston", 
                    "Minneapolis", 
                    "New York", 
                    "Cleveland", 
                    "Jackson, MS", 
                    "Ashburn, VA"
                ], 
                "lowest_combo": [
                    "Sunnyvale, CA", 
                    "Baton Rouge", 
                    "Raleigh, NC", 
                    "Chicago", 
                    "El Paso, TX", 
                    "Denver", 
                    "Dallas", 
                    "Louisville", 
                    "Washington DC", 
                    "Albuquerque", 
                    "Los Angeles", 
                    "Atlanta", 
                    "Memphis", 
                    "Jacksonville", 
                    "Miami", 
                    "Kansas City, MO", 
                    "Missoula", 
                    "Tucson", 
                    "Houston", 
                    "Minneapolis", 
                    "New York", 
                    "Salt Lake City", 
                    "Cleveland", 
                    "Seattle"
                ], 
                "sum": 9505135024.015766, 
                "num": 131128140, 
                "duration": 26446.352808713913, 
                "highest": 276.39599007343855, 
                "mean": 72.48737779713619
            }, 
            "distribution": [], 
            "wc_latency": {
                "lowest": 196.57446110765173, 
                "highest_combo": [
                    "Baton Rouge", 
                    "Raleigh, NC", 
                    "Chicago", 
                    "El Paso, TX", 
                    "Dallas", 
                    "Louisville", 
                    "Washington DC", 
                    "Indianapolis", 
                    "Pittsburgh", 
                    "Nashville", 
                    "Atlanta", 
                    "Memphis", 
                    "Jacksonville", 
                    "Miami", 
                    "Kansas City, MO", 
                    "Philadelphia", 
                    "Tucson", 
                    "Buffalo", 
                    "Houston", 
                    "Boston", 
                    "New York", 
                    "Cleveland", 
                    "Jackson, MS", 
                    "Ashburn, VA"
                ], 
                "lowest_combo": [
                    "Sunnyvale, CA", 
                    "Baton Rouge", 
                    "Raleigh, NC", 
                    "Chicago", 
                    "El Paso, TX", 
                    "Denver", 
                    "Dallas", 
                    "Nashville", 
                    "Albuquerque", 
                    "Los Angeles", 
                    "Atlanta", 
                    "Jacksonville", 
                    "Miami", 
                    "Kansas City, MO", 
                    "Missoula", 
                    "Tucson", 
                    "Houston", 
                    "Minneapolis", 
                    "New York", 
                    "Salt Lake City", 
                    "Cleveland", 
                    "Jackson, MS", 
                    "Seattle", 
                    "Ashburn, VA"
                ], 
                "sum": 63217736639.072044, 
                "num": 131128140, 
                "duration": 26591.986503601074, 
                "highest": 1580.765774794327, 
                "mean": 482.1065611017745
            }
        }, 
        "25": {
            "latency": {
                "lowest": 32.6877442593711, 
                "highest_combo": [
                    "Baton Rouge", 
                    "Raleigh, NC", 
                    "Chicago", 
                    "El Paso, TX", 
                    "Dallas", 
                    "Louisville", 
                    "Washington DC", 
                    "Indianapolis", 
                    "Pittsburgh", 
                    "Nashville", 
                    "Albuquerque", 
                    "Atlanta", 
                    "Memphis", 
                    "Jacksonville", 
                    "Miami", 
                    "Kansas City, MO", 
                    "Philadelphia", 
                    "Buffalo", 
                    "Houston", 
                    "Boston", 
                    "Minneapolis", 
                    "New York", 
                    "Cleveland", 
                    "Jackson, MS", 
                    "Ashburn, VA"
                ], 
                "lowest_combo": [
                    "Sunnyvale, CA", 
                    "Baton Rouge", 
                    "Raleigh, NC", 
                    "Chicago", 
                    "El Paso, TX", 
                    "Denver", 
                    "Dallas", 
                    "Louisville", 
                    "Albuquerque", 
                    "Los Angeles", 
                    "Atlanta", 
                    "Memphis", 
                    "Jacksonville", 
                    "Miami", 
                    "Kansas City, MO", 
                    "Missoula", 
                    "Tucson", 
                    "Houston", 
                    "Minneapolis", 
                    "New York", 
                    "Salt Lake City", 
                    "Cleveland", 
                    "Jackson, MS", 
                    "Seattle", 
                    "Ashburn, VA"
                ], 
                "sum": 3346177996.8065605, 
                "num": 52451256, 
                "duration": 10975.65145945549, 
                "highest": 249.35034275176434, 
                "mean": 63.79595555932084
            }, 
            "distribution": [], 
            "wc_latency": {
                "lowest": 172.65664869385412, 
                "highest_combo": [
                    "Baton Rouge", 
                    "Raleigh, NC", 
                    "Chicago", 
                    "El Paso, TX", 
                    "Dallas", 
                    "Louisville", 
                    "Washington DC", 
                    "Indianapolis", 
                    "Pittsburgh", 
                    "Nashville", 
                    "Albuquerque", 
                    "Atlanta", 
                    "Memphis", 
                    "Jacksonville", 
                    "Miami", 
                    "Kansas City, MO", 
                    "Philadelphia", 
                    "Buffalo", 
                    "Houston", 
                    "Boston", 
                    "Minneapolis", 
                    "New York", 
                    "Cleveland", 
                    "Jackson, MS", 
                    "Ashburn, VA"
                ], 
                "lowest_combo": [
                    "Sunnyvale, CA", 
                    "Baton Rouge", 
                    "Raleigh, NC", 
                    "Chicago", 
                    "El Paso, TX", 
                    "Denver", 
                    "Dallas", 
                    "Louisville", 
                    "Albuquerque", 
                    "Los Angeles", 
                    "Atlanta", 
                    "Memphis", 
                    "Jacksonville", 
                    "Miami", 
                    "Kansas City, MO", 
                    "Missoula", 
                    "Philadelphia", 
                    "Tucson", 
                    "Houston", 
                    "Boston", 
                    "Minneapolis", 
                    "Salt Lake City", 
                    "Cleveland", 
                    "Jackson, MS", 
                    "Seattle"
                ], 
                "sum": 24055217629.403244, 
                "num": 52451256, 
                "duration": 11029.047315835953, 
                "highest": 1541.1137567099017, 
                "mean": 458.6204309273975
            }
        }, 
        "26": {
            "latency": {
                "lowest": 27.09415727766614, 
                "highest_combo": [
                    "Baton Rouge", 
                    "Raleigh, NC", 
                    "Chicago", 
                    "El Paso, TX", 
                    "Dallas", 
                    "Louisville", 
                    "Washington DC", 
                    "Indianapolis", 
                    "Pittsburgh", 
                    "Nashville", 
                    "Albuquerque", 
                    "Atlanta", 
                    "Memphis", 
                    "Jacksonville", 
                    "Miami", 
                    "Kansas City, MO", 
                    "Philadelphia", 
                    "Tucson", 
                    "Buffalo", 
                    "Houston", 
                    "Boston", 
                    "Minneapolis", 
                    "New York", 
                    "Cleveland", 
                    "Jackson, MS", 
                    "Ashburn, VA"
                ], 
                "lowest_combo": [
                    "Sunnyvale, CA", 
                    "Baton Rouge", 
                    "Raleigh, NC", 
                    "Chicago", 
                    "El Paso, TX", 
                    "Denver", 
                    "Dallas", 
                    "Louisville", 
                    "Albuquerque", 
                    "Los Angeles", 
                    "Atlanta", 
                    "Memphis", 
                    "Jacksonville", 
                    "Miami", 
                    "Kansas City, MO", 
                    "Missoula", 
                    "Philadelphia", 
                    "Tucson", 
                    "Houston", 
                    "Boston", 
                    "Minneapolis", 
                    "Salt Lake City", 
                    "Cleveland", 
                    "Jackson, MS", 
                    "Seattle", 
                    "Ashburn, VA"
                ], 
                "sum": 1007979797.8188385, 
                "num": 18156204, 
                "duration": 3915.5302298069, 
                "highest": 219.3687907969845, 
                "mean": 55.51710026054116
            }, 
            "distribution": [], 
            "wc_latency": {
                "lowest": 154.5537560772308, 
                "highest_combo": [
                    "Baton Rouge", 
                    "Raleigh, NC", 
                    "Chicago", 
                    "El Paso, TX", 
                    "Dallas", 
                    "Louisville", 
                    "Washington DC", 
                    "Indianapolis", 
                    "Pittsburgh", 
                    "Nashville", 
                    "Albuquerque", 
                    "Atlanta", 
                    "Memphis", 
                    "Jacksonville", 
                    "Miami", 
                    "Kansas City, MO", 
                    "Philadelphia", 
                    "Tucson", 
                    "Buffalo", 
                    "Houston", 
                    "Boston", 
                    "Minneapolis", 
                    "New York", 
                    "Cleveland", 
                    "Jackson, MS", 
                    "Ashburn, VA"
                ], 
                "lowest_combo": [
                    "Sunnyvale, CA", 
                    "Baton Rouge", 
                    "Raleigh, NC", 
                    "Chicago", 
                    "El Paso, TX", 
                    "Denver", 
                    "Dallas", 
                    "Louisville", 
                    "Pittsburgh", 
                    "Albuquerque", 
                    "Los Angeles", 
                    "Atlanta", 
                    "Memphis", 
                    "Jacksonville", 
                    "Miami", 
                    "Kansas City, MO", 
                    "Missoula", 
                    "Philadelphia", 
                    "Tucson", 
                    "Buffalo", 
                    "Houston", 
                    "Boston", 
                    "Minneapolis", 
                    "Salt Lake City", 
                    "Jackson, MS", 
                    "Seattle"
                ], 
                "sum": 7910106263.965239, 
                "num": 18156204, 
                "duration": 3941.7447328567505, 
                "highest": 1515.6535066641204, 
                "mean": 435.669607147245
            }
        }, 
        "27": {
            "latency": {
                "lowest": 22.016020551376318, 
                "highest_combo": [
                    "Baton Rouge", 
                    "Raleigh, NC", 
                    "Chicago", 
                    "El Paso, TX", 
                    "Denver", 
                    "Dallas", 
                    "Louisville", 
                    "Washington DC", 
                    "Indianapolis", 
                    "Pittsburgh", 
                    "Nashville", 
                    "Albuquerque", 
                    "Atlanta", 
                    "Memphis", 
                    "Jacksonville", 
                    "Miami", 
                    "Kansas City, MO", 
                    "Philadelphia", 
                    "Tucson", 
                    "Buffalo", 
                    "Houston", 
                    "Boston", 
                    "Minneapolis", 
                    "New York", 
                    "Cleveland", 
                    "Jackson, MS", 
                    "Ashburn, VA"
                ], 
                "lowest_combo": [
                    "Sunnyvale, CA", 
                    "Baton Rouge", 
                    "Raleigh, NC", 
                    "Chicago", 
                    "El Paso, TX", 
                    "Denver", 
                    "Dallas", 
                    "Louisville", 
                    "Washington DC", 
                    "Pittsburgh", 
                    "Albuquerque", 
                    "Los Angeles", 
                    "Atlanta", 
                    "Memphis", 
                    "Jacksonville", 
                    "Miami", 
                    "Kansas City, MO", 
                    "Missoula", 
                    "Philadelphia", 
                    "Tucson", 
                    "Buffalo", 
                    "Houston", 
                    "Boston", 
                    "Minneapolis", 
                    "Salt Lake City", 
                    "Jackson, MS", 
                    "Seattle"
                ], 
                "sum": 256116084.04647362, 
                "num": 5379616, 
                "duration": 1198.9995033740997, 
                "highest": 177.60592991132646, 
                "mean": 47.608618170232525
            }, 
            "distribution": [], 
            "wc_latency": {
                "lowest": 150.50509455284478, 
                "highest_combo": [
                    "Baton Rouge", 
                    "Raleigh, NC", 
                    "Chicago", 
                    "El Paso, TX", 
                    "Denver", 
                    "Dallas", 
                    "Louisville", 
                    "Washington DC", 
                    "Indianapolis", 
                    "Pittsburgh", 
                    "Nashville", 
                    "Albuquerque", 
                    "Los Angeles", 
                    "Atlanta", 
                    "Memphis", 
                    "Jacksonville", 
                    "Miami", 
                    "Kansas City, MO", 
                    "Philadelphia", 
                    "Tucson", 
                    "Buffalo", 
                    "Houston", 
                    "Boston", 
                    "New York", 
                    "Cleveland", 
                    "Jackson, MS", 
                    "Ashburn, VA"
                ], 
                "lowest_combo": [
                    "Sunnyvale, CA", 
                    "Baton Rouge", 
                    "Raleigh, NC", 
                    "Chicago", 
                    "El Paso, TX", 
                    "Denver", 
                    "Dallas", 
                    "Indianapolis", 
                    "Pittsburgh", 
                    "Nashville", 
                    "Albuquerque", 
                    "Los Angeles", 
                    "Atlanta", 
                    "Memphis", 
                    "Jacksonville", 
                    "Miami", 
                    "Kansas City, MO", 
                    "Missoula", 
                    "Philadelphia", 
                    "Tucson", 
                    "Buffalo", 
                    "Houston", 
                    "Boston", 
                    "Minneapolis", 
                    "Salt Lake City", 
                    "Jackson, MS", 
                    "Seattle"
                ], 
                "sum": 2221909059.357319, 
                "num": 5379616, 
                "duration": 1206.1112632751465, 
                "highest": 1355.963936967892, 
                "mean": 413.02372871173685
            }
        }, 
        "23": {
            "latency": {
                "lowest": 44.58884318099164, 
                "highest_combo": [
                    "Baton Rouge", 
                    "Raleigh, NC", 
                    "Chicago", 
                    "Dallas", 
                    "Louisville", 
                    "Washington DC", 
                    "Indianapolis", 
                    "Pittsburgh", 
                    "Nashville", 
                    "Atlanta", 
                    "Memphis", 
                    "Jacksonville", 
                    "Miami", 
                    "Kansas City, MO", 
                    "Philadelphia", 
                    "Buffalo", 
                    "Houston", 
                    "Boston", 
                    "Minneapolis", 
                    "New York", 
                    "Cleveland", 
                    "Jackson, MS", 
                    "Ashburn, VA"
                ], 
                "lowest_combo": [
                    "Sunnyvale, CA", 
                    "Baton Rouge", 
                    "Raleigh, NC", 
                    "El Paso, TX", 
                    "Denver", 
                    "Dallas", 
                    "Indianapolis", 
                    "Albuquerque", 
                    "Los Angeles", 
                    "Atlanta", 
                    "Memphis", 
                    "Jacksonville", 
                    "Miami", 
                    "Kansas City, MO", 
                    "Missoula", 
                    "Tucson", 
                    "Houston", 
                    "Minneapolis", 
                    "New York", 
                    "Salt Lake City", 
                    "Cleveland", 
                    "Seattle", 
                    "Ashburn, VA"
                ], 
                "sum": 23356923193.457024, 
                "num": 286097760, 
                "duration": 55433.98455476761, 
                "highest": 362.9119410069915, 
                "mean": 81.63965769412883
            }, 
            "distribution": [], 
            "wc_latency": {
                "lowest": 197.09839270715165, 
                "highest_combo": [
                    "Baton Rouge", 
                    "Raleigh, NC", 
                    "Chicago", 
                    "El Paso, TX", 
                    "Dallas", 
                    "Louisville", 
                    "Washington DC", 
                    "Indianapolis", 
                    "Pittsburgh", 
                    "Nashville", 
                    "Atlanta", 
                    "Memphis", 
                    "Jacksonville", 
                    "Miami", 
                    "Kansas City, MO", 
                    "Philadelphia", 
                    "Buffalo", 
                    "Houston", 
                    "Boston", 
                    "New York", 
                    "Cleveland", 
                    "Jackson, MS", 
                    "Ashburn, VA"
                ], 
                "lowest_combo": [
                    "Sunnyvale, CA", 
                    "Baton Rouge", 
                    "Raleigh, NC", 
                    "El Paso, TX", 
                    "Denver", 
                    "Dallas", 
                    "Indianapolis", 
                    "Pittsburgh", 
                    "Albuquerque", 
                    "Los Angeles", 
                    "Atlanta", 
                    "Memphis", 
                    "Jacksonville", 
                    "Miami", 
                    "Kansas City, MO", 
                    "Missoula", 
                    "Tucson", 
                    "Buffalo", 
                    "Houston", 
                    "Minneapolis", 
                    "New York", 
                    "Salt Lake City", 
                    "Seattle"
                ], 
                "sum": 144849946967.67368, 
                "num": 286097760, 
                "duration": 55735.73979306221, 
                "highest": 1746.8160022099198, 
                "mean": 506.2952851069987
            }
        }, 
        "28": {
            "latency": {
                "lowest": 17.47032184322247, 
                "highest_combo": [
                    "Baton Rouge", 
                    "Raleigh, NC", 
                    "Chicago", 
                    "El Paso, TX", 
                    "Denver", 
                    "Dallas", 
                    "Louisville", 
                    "Washington DC", 
                    "Indianapolis", 
                    "Pittsburgh", 
                    "Nashville", 
                    "Albuquerque", 
                    "Los Angeles", 
                    "Atlanta", 
                    "Memphis", 
                    "Jacksonville", 
                    "Miami", 
                    "Kansas City, MO", 
                    "Philadelphia", 
                    "Tucson", 
                    "Buffalo", 
                    "Houston", 
                    "Boston", 
                    "Minneapolis", 
                    "New York", 
                    "Cleveland", 
                    "Jackson, MS", 
                    "Ashburn, VA"
                ], 
                "lowest_combo": [
                    "Sunnyvale, CA", 
                    "Baton Rouge", 
                    "Raleigh, NC", 
                    "Chicago", 
                    "El Paso, TX", 
                    "Denver", 
                    "Dallas", 
                    "Louisville", 
                    "Nashville", 
                    "Albuquerque", 
                    "Los Angeles", 
                    "Atlanta", 
                    "Memphis", 
                    "Jacksonville", 
                    "Miami", 
                    "Kansas City, MO", 
                    "Missoula", 
                    "Philadelphia", 
                    "Tucson", 
                    "Buffalo", 
                    "Houston", 
                    "Boston", 
                    "Minneapolis", 
                    "Salt Lake City", 
                    "Cleveland", 
                    "Jackson, MS", 
                    "Seattle", 
                    "Ashburn, VA"
                ], 
                "sum": 53841201.35398404, 
                "num": 1344904, 
                "duration": 309.7973737716675, 
                "highest": 138.92689854224784, 
                "mean": 40.03349038591902
            }, 
            "distribution": [], 
            "wc_latency": {
                "lowest": 145.4365935615068, 
                "highest_combo": [
                    "Baton Rouge", 
                    "Raleigh, NC", 
                    "Chicago", 
                    "El Paso, TX", 
                    "Denver", 
                    "Dallas", 
                    "Louisville", 
                    "Washington DC", 
                    "Indianapolis", 
                    "Pittsburgh", 
                    "Nashville", 
                    "Albuquerque", 
                    "Los Angeles", 
                    "Atlanta", 
                    "Memphis", 
                    "Jacksonville", 
                    "Miami", 
                    "Kansas City, MO", 
                    "Philadelphia", 
                    "Tucson", 
                    "Buffalo", 
                    "Houston", 
                    "Boston", 
                    "Minneapolis", 
                    "New York", 
                    "Cleveland", 
                    "Jackson, MS", 
                    "Ashburn, VA"
                ], 
                "lowest_combo": [
                    "Sunnyvale, CA", 
                    "Baton Rouge", 
                    "Raleigh, NC", 
                    "Chicago", 
                    "El Paso, TX", 
                    "Denver", 
                    "Dallas", 
                    "Louisville", 
                    "Nashville", 
                    "Albuquerque", 
                    "Los Angeles", 
                    "Atlanta", 
                    "Memphis", 
                    "Jacksonville", 
                    "Miami", 
                    "Kansas City, MO", 
                    "Missoula", 
                    "Philadelphia", 
                    "Tucson", 
                    "Buffalo", 
                    "Houston", 
                    "Boston", 
                    "Minneapolis", 
                    "Salt Lake City", 
                    "Cleveland", 
                    "Jackson, MS", 
                    "Seattle", 
                    "Ashburn, VA"
                ], 
                "sum": 524942918.44878215, 
                "num": 1344904, 
                "duration": 311.97093772888184, 
                "highest": 1141.4008386332368, 
                "mean": 390.3199919464751
            }
        }, 
        "29": {
            "latency": {
                "lowest": 13.192774973766387, 
                "highest_combo": [
                    "Baton Rouge", 
                    "Raleigh, NC", 
                    "Chicago", 
                    "El Paso, TX", 
                    "Denver", 
                    "Dallas", 
                    "Louisville", 
                    "Washington DC", 
                    "Indianapolis", 
                    "Pittsburgh", 
                    "Nashville", 
                    "Albuquerque", 
                    "Los Angeles", 
                    "Atlanta", 
                    "Memphis", 
                    "Jacksonville", 
                    "Miami", 
                    "Kansas City, MO", 
                    "Philadelphia", 
                    "Tucson", 
                    "Buffalo", 
                    "Houston", 
                    "Boston", 
                    "Minneapolis", 
                    "New York", 
                    "Salt Lake City", 
                    "Cleveland", 
                    "Jackson, MS", 
                    "Ashburn, VA"
                ], 
                "lowest_combo": [
                    "Sunnyvale, CA", 
                    "Baton Rouge", 
                    "Raleigh, NC", 
                    "Chicago", 
                    "El Paso, TX", 
                    "Denver", 
                    "Dallas", 
                    "Louisville", 
                    "Vancouver", 
                    "Washington DC", 
                    "Nashville", 
                    "Albuquerque", 
                    "Los Angeles", 
                    "Atlanta", 
                    "Memphis", 
                    "Jacksonville", 
                    "Miami", 
                    "Kansas City, MO", 
                    "Missoula", 
                    "Philadelphia", 
                    "Tucson", 
                    "Buffalo", 
                    "Houston", 
                    "Boston", 
                    "Minneapolis", 
                    "Salt Lake City", 
                    "Cleveland", 
                    "Jackson, MS", 
                    "Portland"
                ], 
                "sum": 9115424.030855794, 
                "num": 278256, 
                "duration": 66.33805704116821, 
                "highest": 108.2019227400412, 
                "mean": 32.75912839563493
            }, 
            "distribution": [], 
            "wc_latency": {
                "lowest": 119.97634351572535, 
                "highest_combo": [
                    "Sunnyvale, CA", 
                    "Baton Rouge", 
                    "Raleigh, NC", 
                    "Chicago", 
                    "El Paso, TX", 
                    "Denver", 
                    "Dallas", 
                    "Louisville", 
                    "Washington DC", 
                    "Indianapolis", 
                    "Pittsburgh", 
                    "Nashville", 
                    "Albuquerque", 
                    "Los Angeles", 
                    "Atlanta", 
                    "Memphis", 
                    "Jacksonville", 
                    "Miami", 
                    "Kansas City, MO", 
                    "Philadelphia", 
                    "Tucson", 
                    "Buffalo", 
                    "Houston", 
                    "Boston", 
                    "New York", 
                    "Salt Lake City", 
                    "Cleveland", 
                    "Jackson, MS", 
                    "Ashburn, VA"
                ], 
                "lowest_combo": [
                    "Sunnyvale, CA", 
                    "Baton Rouge", 
                    "Raleigh, NC", 
                    "Chicago", 
                    "El Paso, TX", 
                    "Denver", 
                    "Dallas", 
                    "Louisville", 
                    "Vancouver", 
                    "Washington DC", 
                    "Nashville", 
                    "Albuquerque", 
                    "Los Angeles", 
                    "Atlanta", 
                    "Memphis", 
                    "Jacksonville", 
                    "Miami", 
                    "Kansas City, MO", 
                    "Missoula", 
                    "Philadelphia", 
                    "Tucson", 
                    "Buffalo", 
                    "Houston", 
                    "Boston", 
                    "Minneapolis", 
                    "Salt Lake City", 
                    "Cleveland", 
                    "Jackson, MS", 
                    "Portland"
                ], 
                "sum": 102105357.73429757, 
                "num": 278256, 
                "duration": 66.73324084281921, 
                "highest": 1093.5764831053016, 
                "mean": 366.94755093977335
            }
        }, 
        "1": {
            "latency": {
                "lowest": 957.6107673079326, 
                "highest_combo": [
                    "Vancouver"
                ], 
                "lowest_combo": [
                    "Chicago"
                ], 
                "sum": 45851.930503536176, 
                "num": 34, 
                "duration": 0.0027136802673339844, 
                "highest": 1905.4993546281014, 
                "mean": 1348.5861912804758
            }, 
            "distribution": [], 
            "wc_latency": {
                "lowest": 1772.2762522557011, 
                "highest_combo": [
                    "Portland"
                ], 
                "lowest_combo": [
                    "Kansas City, MO"
                ], 
                "sum": 86564.11751088547, 
                "num": 34, 
                "duration": 0.0015823841094970703, 
                "highest": 3151.507131987722, 
                "mean": 2546.003456202514
            }
        }, 
        "3": {
            "latency": {
                "lowest": 498.0172474283776, 
                "highest_combo": [
                    "Vancouver", 
                    "Portland", 
                    "Seattle"
                ], 
                "lowest_combo": [
                    "Washington DC", 
                    "Nashville", 
                    "Salt Lake City"
                ], 
                "sum": 4430808.435795192, 
                "num": 5984, 
                "duration": 0.35393333435058594, 
                "highest": 1767.297023271783, 
                "mean": 740.4425861957205
            }, 
            "distribution": [], 
            "wc_latency": {
                "lowest": 1065.8686633016964, 
                "highest_combo": [
                    "Vancouver", 
                    "Portland", 
                    "Seattle"
                ], 
                "lowest_combo": [
                    "Denver", 
                    "Atlanta", 
                    "Portland"
                ], 
                "sum": 10432816.101344565, 
                "num": 5984, 
                "duration": 0.3492317199707031, 
                "highest": 3006.070538426215, 
                "mean": 1743.4518885936773
            }
        }, 
        "2": {
            "latency": {
                "lowest": 663.2517104758115, 
                "highest_combo": [
                    "Vancouver", 
                    "Portland"
                ], 
                "lowest_combo": [
                    "Chicago", 
                    "Salt Lake City"
                ], 
                "sum": 529283.48585352, 
                "num": 561, 
                "duration": 0.027092456817626953, 
                "highest": 1856.614785240154, 
                "mean": 943.4643241595721
            }, 
            "distribution": [], 
            "wc_latency": {
                "lowest": 1156.252335248244, 
                "highest_combo": [
                    "Vancouver", 
                    "Portland"
                ], 
                "lowest_combo": [
                    "Louisville", 
                    "Salt Lake City"
                ], 
                "sum": 1138982.863822728, 
                "num": 561, 
                "duration": 0.026600360870361328, 
                "highest": 3126.0468819419402, 
                "mean": 2030.272484532492
            }
        }, 
        "5": {
            "latency": {
                "lowest": 313.61863620267246, 
                "highest_combo": [
                    "Sunnyvale, CA", 
                    "Vancouver", 
                    "Los Angeles", 
                    "Portland", 
                    "Seattle"
                ], 
                "lowest_combo": [
                    "El Paso, TX", 
                    "Washington DC", 
                    "Nashville", 
                    "Houston", 
                    "Seattle"
                ], 
                "sum": 145768394.90337452, 
                "num": 278256, 
                "duration": 18.933884859085083, 
                "highest": 1514.6317457948735, 
                "mean": 523.8643368098964
            }, 
            "distribution": [], 
            "wc_latency": {
                "lowest": 708.7430241829367, 
                "highest_combo": [
                    "Raleigh, NC", 
                    "Jacksonville", 
                    "Miami", 
                    "Boston", 
                    "New York"
                ], 
                "lowest_combo": [
                    "El Paso, TX", 
                    "Atlanta", 
                    "Houston", 
                    "Cleveland", 
                    "Seattle"
                ], 
                "sum": 390109345.03195363, 
                "num": 278256, 
                "duration": 18.778289318084717, 
                "highest": 2713.1713851347436, 
                "mean": 1401.9799933584673
            }
        }, 
        "4": {
            "latency": {
                "lowest": 378.97013790884745, 
                "highest_combo": [
                    "Sunnyvale, CA", 
                    "Vancouver", 
                    "Portland", 
                    "Seattle"
                ], 
                "lowest_combo": [
                    "El Paso, TX", 
                    "Washington DC", 
                    "Nashville", 
                    "Seattle"
                ], 
                "sum": 28448708.77202333, 
                "num": 46376, 
                "duration": 2.775181531906128, 
                "highest": 1619.916627938723, 
                "mean": 613.4360180270686
            }, 
            "distribution": [], 
            "wc_latency": {
                "lowest": 879.348968345567, 
                "highest_combo": [
                    "Sunnyvale, CA", 
                    "Vancouver", 
                    "Portland", 
                    "Seattle"
                ], 
                "lowest_combo": [
                    "Chicago", 
                    "El Paso, TX", 
                    "Vancouver", 
                    "Jacksonville"
                ], 
                "sum": 71773480.59072478, 
                "num": 46376, 
                "duration": 2.7931785583496094, 
                "highest": 2842.2704007498432, 
                "mean": 1547.6427589857853
            }
        }, 
        "7": {
            "latency": {
                "lowest": 236.70020719095953, 
                "highest_combo": [
                    "Sunnyvale, CA", 
                    "Vancouver", 
                    "Los Angeles", 
                    "Missoula", 
                    "Salt Lake City", 
                    "Portland", 
                    "Seattle"
                ], 
                "lowest_combo": [
                    "Washington DC", 
                    "Indianapolis", 
                    "Albuquerque", 
                    "Los Angeles", 
                    "Jacksonville", 
                    "Houston", 
                    "Seattle"
                ], 
                "sum": 2164684575.153021, 
                "num": 5379616, 
                "duration": 439.49560165405273, 
                "highest": 1261.1476658378017, 
                "mean": 402.38644824333574
            }, 
            "distribution": [], 
            "wc_latency": {
                "lowest": 563.3064306214299, 
                "highest_combo": [
                    "Baton Rouge", 
                    "Raleigh, NC", 
                    "Jacksonville", 
                    "Miami", 
                    "Boston", 
                    "New York", 
                    "Jackson, MS"
                ], 
                "lowest_combo": [
                    "Chicago", 
                    "Jacksonville", 
                    "Tucson", 
                    "Houston", 
                    "Salt Lake City", 
                    "Portland", 
                    "Ashburn, VA"
                ], 
                "sum": 6431943705.268359, 
                "num": 5379616, 
                "duration": 438.128600358963, 
                "highest": 2680.087247080169, 
                "mean": 1195.6139072506958
            }
        }, 
        "6": {
            "latency": {
                "lowest": 274.20425337530554, 
                "highest_combo": [
                    "Sunnyvale, CA", 
                    "Vancouver", 
                    "Los Angeles", 
                    "Tucson", 
                    "Portland", 
                    "Seattle"
                ], 
                "lowest_combo": [
                    "El Paso, TX", 
                    "Washington DC", 
                    "Indianapolis", 
                    "Jacksonville", 
                    "Houston", 
                    "Seattle"
                ], 
                "sum": 613387676.557171, 
                "num": 1344904, 
                "duration": 101.86895608901978, 
                "highest": 1337.1103455807822, 
                "mean": 456.082870269678
            }, 
            "distribution": [], 
            "wc_latency": {
                "lowest": 661.7649197322587, 
                "highest_combo": [
                    "Raleigh, NC", 
                    "Jacksonville", 
                    "Miami", 
                    "Boston", 
                    "New York", 
                    "Jackson, MS"
                ], 
                "lowest_combo": [
                    "Sunnyvale, CA", 
                    "Dallas", 
                    "Albuquerque", 
                    "Atlanta", 
                    "Cleveland", 
                    "Portland"
                ], 
                "sum": 1732496539.8449993, 
                "num": 1344904, 
                "duration": 101.23188948631287, 
                "highest": 2687.7111350889622, 
                "mean": 1288.193462020337
            }
        }, 
        "9": {
            "latency": {
                "lowest": 189.82879933976076, 
                "highest_combo": [
                    "Sunnyvale, CA", 
                    "Vancouver", 
                    "Albuquerque", 
                    "Los Angeles", 
                    "Missoula", 
                    "Tucson", 
                    "Salt Lake City", 
                    "Portland", 
                    "Seattle"
                ], 
                "lowest_combo": [
                    "Sunnyvale, CA", 
                    "Chicago", 
                    "El Paso, TX", 
                    "Denver", 
                    "Washington DC", 
                    "Nashville", 
                    "Jacksonville", 
                    "Houston", 
                    "Seattle"
                ], 
                "sum": 16868056046.859621, 
                "num": 52451256, 
                "duration": 5048.086121559143, 
                "highest": 1100.8810614342046, 
                "mean": 321.59489272973025
            }, 
            "distribution": [], 
            "wc_latency": {
                "lowest": 422.5497754561141, 
                "highest_combo": [
                    "Raleigh, NC", 
                    "Atlanta", 
                    "Memphis", 
                    "Jacksonville", 
                    "Miami", 
                    "Philadelphia", 
                    "Boston", 
                    "New York", 
                    "Jackson, MS"
                ], 
                "lowest_combo": [
                    "Sunnyvale, CA", 
                    "Chicago", 
                    "El Paso, TX", 
                    "Denver", 
                    "Atlanta", 
                    "Miami", 
                    "Houston", 
                    "Boston", 
                    "Seattle"
                ], 
                "sum": 55025172649.33323, 
                "num": 52451256, 
                "duration": 5019.950266599655, 
                "highest": 2518.421537189812, 
                "mean": 1049.0725455522595
            }
        }, 
        "8": {
            "latency": {
                "lowest": 210.95651340814516, 
                "highest_combo": [
                    "Sunnyvale, CA", 
                    "Vancouver", 
                    "Los Angeles", 
                    "Missoula", 
                    "Tucson", 
                    "Salt Lake City", 
                    "Portland", 
                    "Seattle"
                ], 
                "lowest_combo": [
                    "Chicago", 
                    "Washington DC", 
                    "Nashville", 
                    "Albuquerque", 
                    "Los Angeles", 
                    "Jacksonville", 
                    "Houston", 
                    "Seattle"
                ], 
                "sum": 6508001873.797335, 
                "num": 18156204, 
                "duration": 1612.1812002658844, 
                "highest": 1140.4537391613846, 
                "mean": 358.44507330923
            }, 
            "distribution": [], 
            "wc_latency": {
                "lowest": 550.7412346896613, 
                "highest_combo": [
                    "Baton Rouge", 
                    "Raleigh, NC", 
                    "Jacksonville", 
                    "Miami", 
                    "Philadelphia", 
                    "Boston", 
                    "New York", 
                    "Jackson, MS"
                ], 
                "lowest_combo": [
                    "Sunnyvale, CA", 
                    "Chicago", 
                    "El Paso, TX", 
                    "Denver", 
                    "Vancouver", 
                    "Washington DC", 
                    "Jacksonville", 
                    "Houston"
                ], 
                "sum": 20287472286.598797, 
                "num": 18156204, 
                "duration": 1605.7810952663422, 
                "highest": 2607.2504197647195, 
                "mean": 1117.3851255801487
            }
        }, 
        "11": {
            "latency": {
                "lowest": 156.29951661372522, 
                "highest_combo": [
                    "Sunnyvale, CA", 
                    "El Paso, TX", 
                    "Denver", 
                    "Vancouver", 
                    "Albuquerque", 
                    "Los Angeles", 
                    "Missoula", 
                    "Tucson", 
                    "Salt Lake City", 
                    "Portland", 
                    "Seattle"
                ], 
                "lowest_combo": [
                    "Sunnyvale, CA", 
                    "Chicago", 
                    "El Paso, TX", 
                    "Denver", 
                    "Washington DC", 
                    "Nashville", 
                    "Jacksonville", 
                    "Houston", 
                    "New York", 
                    "Cleveland", 
                    "Seattle"
                ], 
                "sum": 75164838378.05695, 
                "num": 286097760, 
                "duration": 31428.122799396515, 
                "highest": 894.1579290890363, 
                "mean": 262.72431625489463
            }, 
            "distribution": [], 
            "wc_latency": {
                "lowest": 393.9089118286764, 
                "highest_combo": [
                    "Baton Rouge", 
                    "Raleigh, NC", 
                    "Washington DC", 
                    "Atlanta", 
                    "Memphis", 
                    "Jacksonville", 
                    "Miami", 
                    "Philadelphia", 
                    "Boston", 
                    "New York", 
                    "Jackson, MS"
                ], 
                "lowest_combo": [
                    "Sunnyvale, CA", 
                    "Chicago", 
                    "El Paso, TX", 
                    "Denver", 
                    "Louisville", 
                    "Pittsburgh", 
                    "Miami", 
                    "Kansas City, MO", 
                    "Philadelphia", 
                    "Houston", 
                    "Seattle"
                ], 
                "sum": 266697922829.29065, 
                "num": 286097760, 
                "duration": 31378.226197242737, 
                "highest": 2508.2186967581383, 
                "mean": 932.1915796519716
            }
        }, 
        "10": {
            "latency": {
                "lowest": 169.59253392086, 
                "highest_combo": [
                    "Sunnyvale, CA", 
                    "El Paso, TX", 
                    "Vancouver", 
                    "Albuquerque", 
                    "Los Angeles", 
                    "Missoula", 
                    "Tucson", 
                    "Salt Lake City", 
                    "Portland", 
                    "Seattle"
                ], 
                "lowest_combo": [
                    "Chicago", 
                    "El Paso, TX", 
                    "Denver", 
                    "Nashville", 
                    "Los Angeles", 
                    "Jacksonville", 
                    "Philadelphia", 
                    "Houston", 
                    "Cleveland", 
                    "Seattle"
                ], 
                "sum": 38038770238.4772, 
                "num": 131128140, 
                "duration": 13539.644492864609, 
                "highest": 1028.627557070407, 
                "mean": 290.0885365908279
            }, 
            "distribution": [], 
            "wc_latency": {
                "lowest": 412.43469441779735, 
                "highest_combo": [
                    "Raleigh, NC", 
                    "Washington DC", 
                    "Atlanta", 
                    "Memphis", 
                    "Jacksonville", 
                    "Miami", 
                    "Philadelphia", 
                    "Boston", 
                    "New York", 
                    "Jackson, MS"
                ], 
                "lowest_combo": [
                    "Sunnyvale, CA", 
                    "Chicago", 
                    "El Paso, TX", 
                    "Denver", 
                    "Louisville", 
                    "Washington DC", 
                    "Miami", 
                    "Houston", 
                    "Boston", 
                    "Seattle"
                ], 
                "sum": 129541350674.30513, 
                "num": 131128140, 
                "duration": 13491.925082921982, 
                "highest": 2508.8767121043875, 
                "mean": 987.8989412517034
            }
        }, 
        "12": {
            "latency": {
                "lowest": 143.09357779810088, 
                "highest_combo": [
                    "Raleigh, NC", 
                    "Washington DC", 
                    "Pittsburgh", 
                    "Atlanta", 
                    "Jacksonville", 
                    "Miami", 
                    "Philadelphia", 
                    "Buffalo", 
                    "Boston", 
                    "New York", 
                    "Cleveland", 
                    "Ashburn, VA"
                ], 
                "lowest_combo": [
                    "Sunnyvale, CA", 
                    "El Paso, TX", 
                    "Indianapolis", 
                    "Memphis", 
                    "Jacksonville", 
                    "Kansas City, MO", 
                    "Philadelphia", 
                    "Houston", 
                    "Minneapolis", 
                    "Salt Lake City", 
                    "Cleveland", 
                    "Seattle"
                ], 
                "sum": 130862015624.53989, 
                "num": 548354040, 
                "duration": 64318.94031333923, 
                "highest": 780.5002630478184, 
                "mean": 238.64511990198866
            }, 
            "distribution": [], 
            "wc_latency": {
                "lowest": 370.25159287537963, 
                "highest_combo": [
                    "Baton Rouge", 
                    "Raleigh, NC", 
                    "Washington DC", 
                    "Atlanta", 
                    "Memphis", 
                    "Jacksonville", 
                    "Miami", 
                    "Philadelphia", 
                    "Boston", 
                    "New York", 
                    "Jackson, MS", 
                    "Ashburn, VA"
                ], 
                "lowest_combo": [
                    "Sunnyvale, CA", 
                    "Chicago", 
                    "El Paso, TX", 
                    "Denver", 
                    "Louisville", 
                    "Vancouver", 
                    "Miami", 
                    "Kansas City, MO", 
                    "Missoula", 
                    "Philadelphia", 
                    "Houston", 
                    "Cleveland"
                ], 
                "sum": 483081991914.3858, 
                "num": 548354040, 
                "duration": 64227.89171886444, 
                "highest": 2482.205575257656, 
                "mean": 880.967325260129
            }
        }, 
        "33": {
            "latency": {
                "lowest": 0.784445201374452, 
                "highest_combo": [
                    "Sunnyvale, CA", 
                    "Baton Rouge", 
                    "Raleigh, NC", 
                    "Chicago", 
                    "El Paso, TX", 
                    "Denver", 
                    "Dallas", 
                    "Louisville", 
                    "Vancouver", 
                    "Washington DC", 
                    "Indianapolis", 
                    "Pittsburgh", 
                    "Nashville", 
                    "Albuquerque", 
                    "Los Angeles", 
                    "Atlanta", 
                    "Memphis", 
                    "Jacksonville", 
                    "Miami", 
                    "Missoula", 
                    "Philadelphia", 
                    "Tucson", 
                    "Buffalo", 
                    "Houston", 
                    "Boston", 
                    "Minneapolis", 
                    "New York", 
                    "Salt Lake City", 
                    "Cleveland", 
                    "Jackson, MS", 
                    "Portland", 
                    "Seattle", 
                    "Ashburn, VA"
                ], 
                "lowest_combo": [
                    "Sunnyvale, CA", 
                    "Baton Rouge", 
                    "Raleigh, NC", 
                    "Chicago", 
                    "El Paso, TX", 
                    "Denver", 
                    "Dallas", 
                    "Louisville", 
                    "Vancouver", 
                    "Washington DC", 
                    "Indianapolis", 
                    "Pittsburgh", 
                    "Nashville", 
                    "Albuquerque", 
                    "Los Angeles", 
                    "Atlanta", 
                    "Memphis", 
                    "Jacksonville", 
                    "Miami", 
                    "Kansas City, MO", 
                    "Missoula", 
                    "Philadelphia", 
                    "Tucson", 
                    "Buffalo", 
                    "Houston", 
                    "Boston", 
                    "Minneapolis", 
                    "New York", 
                    "Salt Lake City", 
                    "Cleveland", 
                    "Jackson, MS", 
                    "Portland", 
                    "Seattle"
                ], 
                "sum": 208.80860866070117, 
                "num": 34, 
                "duration": 0.009640693664550781, 
                "highest": 12.130432188758746, 
                "mean": 6.141429666491211
            }, 
            "distribution": [], 
            "wc_latency": {
                "lowest": 26.671136846731365, 
                "highest_combo": [
                    "Sunnyvale, CA", 
                    "Baton Rouge", 
                    "Raleigh, NC", 
                    "Chicago", 
                    "El Paso, TX", 
                    "Denver", 
                    "Dallas", 
                    "Louisville", 
                    "Vancouver", 
                    "Washington DC", 
                    "Indianapolis", 
                    "Pittsburgh", 
                    "Nashville", 
                    "Albuquerque", 
                    "Los Angeles", 
                    "Atlanta", 
                    "Memphis", 
                    "Jacksonville", 
                    "Miami", 
                    "Missoula", 
                    "Philadelphia", 
                    "Tucson", 
                    "Buffalo", 
                    "Houston", 
                    "Boston", 
                    "Minneapolis", 
                    "New York", 
                    "Salt Lake City", 
                    "Cleveland", 
                    "Jackson, MS", 
                    "Portland", 
                    "Seattle", 
                    "Ashburn, VA"
                ], 
                "lowest_combo": [
                    "Sunnyvale, CA", 
                    "Baton Rouge", 
                    "Raleigh, NC", 
                    "Chicago", 
                    "El Paso, TX", 
                    "Denver", 
                    "Dallas", 
                    "Louisville", 
                    "Vancouver", 
                    "Washington DC", 
                    "Indianapolis", 
                    "Pittsburgh", 
                    "Nashville", 
                    "Albuquerque", 
                    "Los Angeles", 
                    "Atlanta", 
                    "Memphis", 
                    "Jacksonville", 
                    "Miami", 
                    "Kansas City, MO", 
                    "Missoula", 
                    "Philadelphia", 
                    "Tucson", 
                    "Buffalo", 
                    "Houston", 
                    "Boston", 
                    "Minneapolis", 
                    "New York", 
                    "Salt Lake City", 
                    "Cleveland", 
                    "Jackson, MS", 
                    "Portland", 
                    "Seattle"
                ], 
                "sum": 7099.492694463839, 
                "num": 34, 
                "duration": 0.008825063705444336, 
                "highest": 412.43469441779735, 
                "mean": 208.80860866070114
            }
        }, 
        "32": {
            "latency": {
                "lowest": 3.150936828558062, 
                "highest_combo": [
                    "Baton Rouge", 
                    "Raleigh, NC", 
                    "Chicago", 
                    "El Paso, TX", 
                    "Denver", 
                    "Dallas", 
                    "Louisville", 
                    "Vancouver", 
                    "Washington DC", 
                    "Indianapolis", 
                    "Pittsburgh", 
                    "Nashville", 
                    "Albuquerque", 
                    "Atlanta", 
                    "Memphis", 
                    "Jacksonville", 
                    "Miami", 
                    "Kansas City, MO", 
                    "Missoula", 
                    "Philadelphia", 
                    "Tucson", 
                    "Buffalo", 
                    "Houston", 
                    "Boston", 
                    "Minneapolis", 
                    "New York", 
                    "Salt Lake City", 
                    "Cleveland", 
                    "Jackson, MS", 
                    "Portland", 
                    "Seattle", 
                    "Ashburn, VA"
                ], 
                "lowest_combo": [
                    "Sunnyvale, CA", 
                    "Baton Rouge", 
                    "Raleigh, NC", 
                    "Chicago", 
                    "El Paso, TX", 
                    "Denver", 
                    "Dallas", 
                    "Louisville", 
                    "Vancouver", 
                    "Indianapolis", 
                    "Pittsburgh", 
                    "Nashville", 
                    "Albuquerque", 
                    "Los Angeles", 
                    "Atlanta", 
                    "Memphis", 
                    "Jacksonville", 
                    "Miami", 
                    "Kansas City, MO", 
                    "Missoula", 
                    "Tucson", 
                    "Buffalo", 
                    "Houston", 
                    "Boston", 
                    "Minneapolis", 
                    "New York", 
                    "Salt Lake City", 
                    "Cleveland", 
                    "Jackson, MS", 
                    "Portland", 
                    "Seattle", 
                    "Ashburn, VA"
                ], 
                "sum": 6995.208246893793, 
                "num": 561, 
                "duration": 0.1661510467529297, 
                "highest": 29.49033431713294, 
                "mean": 12.469176910684123
            }, 
            "distribution": [], 
            "wc_latency": {
                "lowest": 80.46071532424274, 
                "highest_combo": [
                    "Sunnyvale, CA", 
                    "Baton Rouge", 
                    "Raleigh, NC", 
                    "Chicago", 
                    "El Paso, TX", 
                    "Denver", 
                    "Dallas", 
                    "Louisville", 
                    "Vancouver", 
                    "Washington DC", 
                    "Indianapolis", 
                    "Pittsburgh", 
                    "Nashville", 
                    "Albuquerque", 
                    "Los Angeles", 
                    "Atlanta", 
                    "Memphis", 
                    "Kansas City, MO", 
                    "Missoula", 
                    "Philadelphia", 
                    "Tucson", 
                    "Buffalo", 
                    "Houston", 
                    "Boston", 
                    "Minneapolis", 
                    "New York", 
                    "Salt Lake City", 
                    "Cleveland", 
                    "Jackson, MS", 
                    "Portland", 
                    "Seattle", 
                    "Ashburn, VA"
                ], 
                "lowest_combo": [
                    "Sunnyvale, CA", 
                    "Baton Rouge", 
                    "Raleigh, NC", 
                    "Chicago", 
                    "El Paso, TX", 
                    "Denver", 
                    "Dallas", 
                    "Louisville", 
                    "Vancouver", 
                    "Indianapolis", 
                    "Pittsburgh", 
                    "Nashville", 
                    "Albuquerque", 
                    "Los Angeles", 
                    "Atlanta", 
                    "Memphis", 
                    "Jacksonville", 
                    "Miami", 
                    "Kansas City, MO", 
                    "Missoula", 
                    "Tucson", 
                    "Buffalo", 
                    "Houston", 
                    "Boston", 
                    "Minneapolis", 
                    "New York", 
                    "Salt Lake City", 
                    "Cleveland", 
                    "Jackson, MS", 
                    "Portland", 
                    "Seattle", 
                    "Ashburn, VA"
                ], 
                "sum": 153812.2835108829, 
                "num": 561, 
                "duration": 0.14928889274597168, 
                "highest": 614.7231465807185, 
                "mean": 274.1751934240337
            }
        }, 
        "31": {
            "latency": {
                "lowest": 6.282278359420674, 
                "highest_combo": [
                    "Sunnyvale, CA", 
                    "Baton Rouge", 
                    "Raleigh, NC", 
                    "Chicago", 
                    "El Paso, TX", 
                    "Denver", 
                    "Dallas", 
                    "Louisville", 
                    "Vancouver", 
                    "Washington DC", 
                    "Indianapolis", 
                    "Pittsburgh", 
                    "Nashville", 
                    "Albuquerque", 
                    "Los Angeles", 
                    "Memphis", 
                    "Kansas City, MO", 
                    "Missoula", 
                    "Philadelphia", 
                    "Tucson", 
                    "Buffalo", 
                    "Houston", 
                    "Boston", 
                    "Minneapolis", 
                    "New York", 
                    "Salt Lake City", 
                    "Cleveland", 
                    "Jackson, MS", 
                    "Portland", 
                    "Seattle", 
                    "Ashburn, VA"
                ], 
                "lowest_combo": [
                    "Sunnyvale, CA", 
                    "Baton Rouge", 
                    "Raleigh, NC", 
                    "Chicago", 
                    "El Paso, TX", 
                    "Denver", 
                    "Dallas", 
                    "Vancouver", 
                    "Indianapolis", 
                    "Pittsburgh", 
                    "Nashville", 
                    "Albuquerque", 
                    "Los Angeles", 
                    "Atlanta", 
                    "Memphis", 
                    "Jacksonville", 
                    "Miami", 
                    "Kansas City, MO", 
                    "Missoula", 
                    "Tucson", 
                    "Buffalo", 
                    "Houston", 
                    "Boston", 
                    "Minneapolis", 
                    "New York", 
                    "Salt Lake City", 
                    "Cleveland", 
                    "Jackson, MS", 
                    "Portland", 
                    "Seattle", 
                    "Ashburn, VA"
                ], 
                "sum": 113701.75704831233, 
                "num": 5984, 
                "duration": 1.5251917839050293, 
                "highest": 45.43438967869144, 
                "mean": 19.000962073581604
            }, 
            "distribution": [], 
            "wc_latency": {
                "lowest": 106.46561204932884, 
                "highest_combo": [
                    "Sunnyvale, CA", 
                    "Baton Rouge", 
                    "Raleigh, NC", 
                    "Chicago", 
                    "El Paso, TX", 
                    "Denver", 
                    "Dallas", 
                    "Louisville", 
                    "Vancouver", 
                    "Washington DC", 
                    "Indianapolis", 
                    "Pittsburgh", 
                    "Nashville", 
                    "Albuquerque", 
                    "Los Angeles", 
                    "Memphis", 
                    "Kansas City, MO", 
                    "Missoula", 
                    "Philadelphia", 
                    "Tucson", 
                    "Buffalo", 
                    "Houston", 
                    "Boston", 
                    "Minneapolis", 
                    "New York", 
                    "Salt Lake City", 
                    "Cleveland", 
                    "Jackson, MS", 
                    "Portland", 
                    "Seattle", 
                    "Ashburn, VA"
                ], 
                "lowest_combo": [
                    "Sunnyvale, CA", 
                    "Baton Rouge", 
                    "Raleigh, NC", 
                    "Chicago", 
                    "El Paso, TX", 
                    "Denver", 
                    "Dallas", 
                    "Vancouver", 
                    "Indianapolis", 
                    "Pittsburgh", 
                    "Nashville", 
                    "Albuquerque", 
                    "Los Angeles", 
                    "Atlanta", 
                    "Memphis", 
                    "Jacksonville", 
                    "Miami", 
                    "Kansas City, MO", 
                    "Missoula", 
                    "Tucson", 
                    "Buffalo", 
                    "Houston", 
                    "Boston", 
                    "Minneapolis", 
                    "New York", 
                    "Salt Lake City", 
                    "Cleveland", 
                    "Jackson, MS", 
                    "Portland", 
                    "Seattle", 
                    "Ashburn, VA"
                ], 
                "sum": 1870724.4608063858, 
                "num": 5984, 
                "duration": 1.5382869243621826, 
                "highest": 829.6600559055612, 
                "mean": 312.6210663112276
            }
        }, 
        "30": {
            "latency": {
                "lowest": 9.664058988009758, 
                "highest_combo": [
                    "Sunnyvale, CA", 
                    "Baton Rouge", 
                    "Raleigh, NC", 
                    "Chicago", 
                    "El Paso, TX", 
                    "Denver", 
                    "Dallas", 
                    "Louisville", 
                    "Washington DC", 
                    "Indianapolis", 
                    "Pittsburgh", 
                    "Nashville", 
                    "Albuquerque", 
                    "Los Angeles", 
                    "Atlanta", 
                    "Memphis", 
                    "Jacksonville", 
                    "Miami", 
                    "Kansas City, MO", 
                    "Philadelphia", 
                    "Tucson", 
                    "Buffalo", 
                    "Houston", 
                    "Boston", 
                    "Minneapolis", 
                    "New York", 
                    "Salt Lake City", 
                    "Cleveland", 
                    "Jackson, MS", 
                    "Ashburn, VA"
                ], 
                "lowest_combo": [
                    "Sunnyvale, CA", 
                    "Baton Rouge", 
                    "Raleigh, NC", 
                    "Chicago", 
                    "El Paso, TX", 
                    "Denver", 
                    "Dallas", 
                    "Louisville", 
                    "Vancouver", 
                    "Pittsburgh", 
                    "Nashville", 
                    "Albuquerque", 
                    "Los Angeles", 
                    "Atlanta", 
                    "Memphis", 
                    "Jacksonville", 
                    "Miami", 
                    "Kansas City, MO", 
                    "Missoula", 
                    "Philadelphia", 
                    "Tucson", 
                    "Buffalo", 
                    "Houston", 
                    "Boston", 
                    "Minneapolis", 
                    "Salt Lake City", 
                    "Jackson, MS", 
                    "Portland", 
                    "Seattle", 
                    "Ashburn, VA"
                ], 
                "sum": 1194495.8122677386, 
                "num": 46376, 
                "duration": 11.406963586807251, 
                "highest": 90.71724023559189, 
                "mean": 25.756766695440284
            }, 
            "distribution": [], 
            "wc_latency": {
                "lowest": 114.98054137202887, 
                "highest_combo": [
                    "Sunnyvale, CA", 
                    "Baton Rouge", 
                    "Raleigh, NC", 
                    "Chicago", 
                    "El Paso, TX", 
                    "Denver", 
                    "Dallas", 
                    "Louisville", 
                    "Washington DC", 
                    "Indianapolis", 
                    "Pittsburgh", 
                    "Nashville", 
                    "Albuquerque", 
                    "Los Angeles", 
                    "Atlanta", 
                    "Memphis", 
                    "Jacksonville", 
                    "Miami", 
                    "Kansas City, MO", 
                    "Philadelphia", 
                    "Tucson", 
                    "Buffalo", 
                    "Houston", 
                    "Boston", 
                    "Minneapolis", 
                    "New York", 
                    "Salt Lake City", 
                    "Cleveland", 
                    "Jackson, MS", 
                    "Ashburn, VA"
                ], 
                "lowest_combo": [
                    "Sunnyvale, CA", 
                    "Baton Rouge", 
                    "Raleigh, NC", 
                    "Chicago", 
                    "El Paso, TX", 
                    "Denver", 
                    "Dallas", 
                    "Louisville", 
                    "Vancouver", 
                    "Pittsburgh", 
                    "Nashville", 
                    "Albuquerque", 
                    "Los Angeles", 
                    "Atlanta", 
                    "Memphis", 
                    "Jacksonville", 
                    "Miami", 
                    "Kansas City, MO", 
                    "Missoula", 
                    "Philadelphia", 
                    "Tucson", 
                    "Buffalo", 
                    "Houston", 
                    "Boston", 
                    "Minneapolis", 
                    "Salt Lake City", 
                    "Jackson, MS", 
                    "Portland", 
                    "Seattle", 
                    "Ashburn, VA"
                ], 
                "sum": 15851188.546452198, 
                "num": 46376, 
                "duration": 11.504388332366943, 
                "highest": 1001.7682513197185, 
                "mean": 341.797234484479
            }
        }, 
        "34": {
            "latency": {
                "lowest": 0.0, 
                "highest_combo": [
                    "Sunnyvale, CA", 
                    "Baton Rouge", 
                    "Raleigh, NC", 
                    "Chicago", 
                    "El Paso, TX", 
                    "Denver", 
                    "Dallas", 
                    "Louisville", 
                    "Vancouver", 
                    "Washington DC", 
                    "Indianapolis", 
                    "Pittsburgh", 
                    "Nashville", 
                    "Albuquerque", 
                    "Los Angeles", 
                    "Atlanta", 
                    "Memphis", 
                    "Jacksonville", 
                    "Miami", 
                    "Kansas City, MO", 
                    "Missoula", 
                    "Philadelphia", 
                    "Tucson", 
                    "Buffalo", 
                    "Houston", 
                    "Boston", 
                    "Minneapolis", 
                    "New York", 
                    "Salt Lake City", 
                    "Cleveland", 
                    "Jackson, MS", 
                    "Portland", 
                    "Seattle", 
                    "Ashburn, VA"
                ], 
                "lowest_combo": [
                    "Sunnyvale, CA", 
                    "Baton Rouge", 
                    "Raleigh, NC", 
                    "Chicago", 
                    "El Paso, TX", 
                    "Denver", 
                    "Dallas", 
                    "Louisville", 
                    "Vancouver", 
                    "Washington DC", 
                    "Indianapolis", 
                    "Pittsburgh", 
                    "Nashville", 
                    "Albuquerque", 
                    "Los Angeles", 
                    "Atlanta", 
                    "Memphis", 
                    "Jacksonville", 
                    "Miami", 
                    "Kansas City, MO", 
                    "Missoula", 
                    "Philadelphia", 
                    "Tucson", 
                    "Buffalo", 
                    "Houston", 
                    "Boston", 
                    "Minneapolis", 
                    "New York", 
                    "Salt Lake City", 
                    "Cleveland", 
                    "Jackson, MS", 
                    "Portland", 
                    "Seattle", 
                    "Ashburn, VA"
                ], 
                "sum": 0.0, 
                "num": 1, 
                "duration": 0.0003819465637207031, 
                "highest": 0.0, 
                "mean": 0.0
            }, 
            "distribution": [], 
            "wc_latency": {
                "lowest": 0, 
                "highest_combo": [
                    "Sunnyvale, CA", 
                    "Baton Rouge", 
                    "Raleigh, NC", 
                    "Chicago", 
                    "El Paso, TX", 
                    "Denver", 
                    "Dallas", 
                    "Louisville", 
                    "Vancouver", 
                    "Washington DC", 
                    "Indianapolis", 
                    "Pittsburgh", 
                    "Nashville", 
                    "Albuquerque", 
                    "Los Angeles", 
                    "Atlanta", 
                    "Memphis", 
                    "Jacksonville", 
                    "Miami", 
                    "Kansas City, MO", 
                    "Missoula", 
                    "Philadelphia", 
                    "Tucson", 
                    "Buffalo", 
                    "Houston", 
                    "Boston", 
                    "Minneapolis", 
                    "New York", 
                    "Salt Lake City", 
                    "Cleveland", 
                    "Jackson, MS", 
                    "Portland", 
                    "Seattle", 
                    "Ashburn, VA"
                ], 
                "lowest_combo": [
                    "Sunnyvale, CA", 
                    "Baton Rouge", 
                    "Raleigh, NC", 
                    "Chicago", 
                    "El Paso, TX", 
                    "Denver", 
                    "Dallas", 
                    "Louisville", 
                    "Vancouver", 
                    "Washington DC", 
                    "Indianapolis", 
                    "Pittsburgh", 
                    "Nashville", 
                    "Albuquerque", 
                    "Los Angeles", 
                    "Atlanta", 
                    "Memphis", 
                    "Jacksonville", 
                    "Miami", 
                    "Kansas City, MO", 
                    "Missoula", 
                    "Philadelphia", 
                    "Tucson", 
                    "Buffalo", 
                    "Houston", 
                    "Boston", 
                    "Minneapolis", 
                    "New York", 
                    "Salt Lake City", 
                    "Cleveland", 
                    "Jackson, MS", 
                    "Portland", 
                    "Seattle", 
                    "Ashburn, VA"
                ], 
                "sum": 0.0, 
                "num": 1, 
                "duration": 0.00034999847412109375, 
                "highest": 0, 
                "mean": 0.0
            }
        }
    }
}
