{
    "group": [
        "1", 
        "2", 
        "3", 
        "4"
    ], 
    "metric": [
        "latency", 
        "wc_latency"
    ], 
    "data": {
        "1": {
            "latency": {
                "lowest": 1178.756299102368, 
                "highest_combo": [
                    0
                ], 
                "lowest_combo": [
                    2
                ], 
                "sum": 9839.983229792215, 
                "num": 7, 
                "duration": 0.0010859966278076172, 
                "highest": 1814.1425840500938, 
                "mean": 1405.7118899703164
            }, 
            "distribution": [
                {
                    "latency": 1814.1425840500938, 
                    "id": 0, 
                    "wc_latency": 3149.5026842489006
                }, 
                {
                    "latency": 1410.7542017298924, 
                    "id": 4, 
                    "wc_latency": 3127.0651622352693
                }, 
                {
                    "latency": 1308.0724277929298, 
                    "id": 1, 
                    "wc_latency": 2441.004465488871
                }, 
                {
                    "latency": 1422.2416273575834, 
                    "id": 5, 
                    "wc_latency": 3149.5026842489006
                }, 
                {
                    "latency": 1178.756299102368, 
                    "id": 2, 
                    "wc_latency": 2209.0362581269774
                }, 
                {
                    "latency": 1450.2714652711988, 
                    "id": 6, 
                    "wc_latency": 2953.293818853592
                }, 
                {
                    "latency": 1255.7446244881492, 
                    "id": 3, 
                    "wc_latency": 2316.819913667071
                }
            ], 
            "wc_latency": {
                "lowest": 2209.0362581269774, 
                "highest_combo": [
                    0
                ], 
                "lowest_combo": [
                    2
                ], 
                "sum": 19346.22498686958, 
                "num": 7, 
                "duration": 0.00036215782165527344, 
                "highest": 3149.5026842489006, 
                "mean": 2763.7464266956545
            }
        }, 
        "3": {
            "latency": {
                "lowest": 136.77978741404726, 
                "highest_combo": [
                    4, 
                    5, 
                    6
                ], 
                "lowest_combo": [
                    0, 
                    2, 
                    5
                ], 
                "sum": 13056.066026753797, 
                "num": 35, 
                "duration": 0.0005578994750976562, 
                "highest": 1322.9219984596343, 
                "mean": 373.03045790725133
            }, 
            "distribution": [
                {
                    "latency": 900.9911091091195, 
                    "id": 0, 
                    "wc_latency": 2209.0362581269774
                }, 
                {
                    "latency": 253.08520469857083, 
                    "id": 4, 
                    "wc_latency": 725.7127111364498
                }, 
                {
                    "latency": 164.80962532766281, 
                    "id": 8, 
                    "wc_latency": 617.9290555963562
                }, 
                {
                    "latency": 523.6207554868862, 
                    "id": 12, 
                    "wc_latency": 1434.2109298964792
                }, 
                {
                    "latency": 154.79494434693947, 
                    "id": 16, 
                    "wc_latency": 708.4982187600294
                }, 
                {
                    "latency": 149.71823929457202, 
                    "id": 20, 
                    "wc_latency": 708.4982187600294
                }, 
                {
                    "latency": 298.23956012277256, 
                    "id": 24, 
                    "wc_latency": 725.7127111364498
                }, 
                {
                    "latency": 321.1926929840206, 
                    "id": 28, 
                    "wc_latency": 1326.4272743563856
                }, 
                {
                    "latency": 329.034890277085, 
                    "id": 32, 
                    "wc_latency": 1434.2109298964792
                }, 
                {
                    "latency": 936.8949166872299, 
                    "id": 1, 
                    "wc_latency": 2244.7956000935624
                }, 
                {
                    "latency": 973.8690234028712, 
                    "id": 5, 
                    "wc_latency": 2209.0362581269774
                }, 
                {
                    "latency": 154.79494434693947, 
                    "id": 9, 
                    "wc_latency": 708.4982187600294
                }, 
                {
                    "latency": 500.6676226256381, 
                    "id": 13, 
                    "wc_latency": 1434.2109298964792
                }, 
                {
                    "latency": 149.71823929457202, 
                    "id": 17, 
                    "wc_latency": 708.4982187600294
                }, 
                {
                    "latency": 177.74807720818757, 
                    "id": 21, 
                    "wc_latency": 708.4982187600294
                }, 
                {
                    "latency": 315.9484380115993, 
                    "id": 25, 
                    "wc_latency": 1326.4272743563856
                }, 
                {
                    "latency": 298.23956012277256, 
                    "id": 29, 
                    "wc_latency": 1326.4272743563856
                }, 
                {
                    "latency": 329.034890277085, 
                    "id": 33, 
                    "wc_latency": 1434.2109298964792
                }, 
                {
                    "latency": 230.1320718373228, 
                    "id": 2, 
                    "wc_latency": 725.7127111364498
                }, 
                {
                    "latency": 141.85649246641472, 
                    "id": 6, 
                    "wc_latency": 617.9290555963562
                }, 
                {
                    "latency": 149.71823929457202, 
                    "id": 10, 
                    "wc_latency": 708.4982187600294
                }, 
                {
                    "latency": 500.6676226256381, 
                    "id": 14, 
                    "wc_latency": 1434.2109298964792
                }, 
                {
                    "latency": 177.74807720818757, 
                    "id": 18, 
                    "wc_latency": 708.4982187600294
                }, 
                {
                    "latency": 321.1926929840206, 
                    "id": 22, 
                    "wc_latency": 725.7127111364498
                }, 
                {
                    "latency": 310.87173295923185, 
                    "id": 26, 
                    "wc_latency": 1326.4272743563856
                }, 
                {
                    "latency": 298.23956012277256, 
                    "id": 30, 
                    "wc_latency": 1326.4272743563856
                }, 
                {
                    "latency": 1322.9219984596343, 
                    "id": 34, 
                    "wc_latency": 2953.293818853592
                }, 
                {
                    "latency": 225.0553667849553, 
                    "id": 3, 
                    "wc_latency": 725.7127111364498
                }, 
                {
                    "latency": 136.77978741404726, 
                    "id": 7, 
                    "wc_latency": 617.9290555963562
                }, 
                {
                    "latency": 177.74807720818757, 
                    "id": 11, 
                    "wc_latency": 708.4982187600294
                }, 
                {
                    "latency": 986.807475283396, 
                    "id": 15, 
                    "wc_latency": 2209.0362581269774
                }, 
                {
                    "latency": 154.79494434693947, 
                    "id": 19, 
                    "wc_latency": 708.4982187600294
                }, 
                {
                    "latency": 298.23956012277256, 
                    "id": 23, 
                    "wc_latency": 725.7127111364498
                }, 
                {
                    "latency": 338.9015708728474, 
                    "id": 27, 
                    "wc_latency": 1326.4272743563856
                }, 
                {
                    "latency": 351.98802313833306, 
                    "id": 31, 
                    "wc_latency": 1434.2109298964792
                }
            ], 
            "wc_latency": {
                "lowest": 617.9290555963562, 
                "highest_combo": [
                    4, 
                    5, 
                    6
                ], 
                "lowest_combo": [
                    0, 
                    2, 
                    6
                ], 
                "sum": 40973.5748212933, 
                "num": 35, 
                "duration": 0.0004966259002685547, 
                "highest": 2953.293818853592, 
                "mean": 1170.6735663226657
            }
        }, 
        "2": {
            "latency": {
                "lowest": 326.26939803638805, 
                "highest_combo": [
                    4, 
                    5
                ], 
                "lowest_combo": [
                    1, 
                    5
                ], 
                "sum": 15262.276677963991, 
                "num": 21, 
                "duration": 0.002299070358276367, 
                "highest": 1400.6007916251576, 
                "mean": 726.7750799030472
            }, 
            "distribution": [
                {
                    "latency": 1206.858396541497, 
                    "id": 0, 
                    "wc_latency": 2441.004465488871
                }, 
                {
                    "latency": 528.6974605392536, 
                    "id": 4, 
                    "wc_latency": 1434.2109298964792
                }, 
                {
                    "latency": 331.34610308875557, 
                    "id": 8, 
                    "wc_latency": 725.7127111364498
                }, 
                {
                    "latency": 331.34610308875557, 
                    "id": 12, 
                    "wc_latency": 1326.4272743563856
                }, 
                {
                    "latency": 357.0647281907005, 
                    "id": 16, 
                    "wc_latency": 1434.2109298964792
                }, 
                {
                    "latency": 1338.1521136167369, 
                    "id": 20, 
                    "wc_latency": 2953.293818853592
                }, 
                {
                    "latency": 989.2666884800275, 
                    "id": 1, 
                    "wc_latency": 2209.0362581269774
                }, 
                {
                    "latency": 556.7272984528691, 
                    "id": 5, 
                    "wc_latency": 1434.2109298964792
                }, 
                {
                    "latency": 326.26939803638805, 
                    "id": 9, 
                    "wc_latency": 725.7127111364498
                }, 
                {
                    "latency": 326.26939803638805, 
                    "id": 13, 
                    "wc_latency": 1326.4272743563856
                }, 
                {
                    "latency": 385.0945661043161, 
                    "id": 17, 
                    "wc_latency": 1434.2109298964792
                }, 
                {
                    "latency": 1048.398135592021, 
                    "id": 2, 
                    "wc_latency": 2316.819913667071
                }, 
                {
                    "latency": 1002.2051403605522, 
                    "id": 6, 
                    "wc_latency": 2209.0362581269774
                }, 
                {
                    "latency": 354.2992359500036, 
                    "id": 10, 
                    "wc_latency": 725.7127111364498
                }, 
                {
                    "latency": 354.2992359500036, 
                    "id": 14, 
                    "wc_latency": 1326.4272743563856
                }, 
                {
                    "latency": 1400.6007916251576, 
                    "id": 18, 
                    "wc_latency": 3127.0651622352693
                }, 
                {
                    "latency": 533.7741655916211, 
                    "id": 3, 
                    "wc_latency": 1434.2109298964792
                }, 
                {
                    "latency": 1038.1089479386626, 
                    "id": 7, 
                    "wc_latency": 2244.7956000935624
                }, 
                {
                    "latency": 1163.358634025212, 
                    "id": 11, 
                    "wc_latency": 2209.0362581269774
                }, 
                {
                    "latency": 362.14143324306804, 
                    "id": 15, 
                    "wc_latency": 1434.2109298964792
                }, 
                {
                    "latency": 1327.9987035120016, 
                    "id": 19, 
                    "wc_latency": 2953.293818853592
                }
            ], 
            "wc_latency": {
                "lowest": 725.7127111364498, 
                "highest_combo": [
                    4, 
                    5
                ], 
                "lowest_combo": [
                    1, 
                    4
                ], 
                "sum": 37425.06708943027, 
                "num": 21, 
                "duration": 0.0005671977996826172, 
                "highest": 3127.0651622352693, 
                "mean": 1782.1460518776319
            }
        }, 
        "4": {
            "latency": {
                "lowest": 48.50420804313925, 
                "highest_combo": [
                    0, 
                    1, 
                    2, 
                    3
                ], 
                "lowest_combo": [
                    0, 
                    1, 
                    3, 
                    5
                ], 
                "sum": 6480.794296604709, 
                "num": 35, 
                "duration": 0.0008590221405029297, 
                "highest": 885.5934440319631, 
                "mean": 185.16555133156314
            }, 
            "distribution": [
                {
                    "latency": 885.5934440319631, 
                    "id": 0, 
                    "wc_latency": 2209.0362581269774
                }, 
                {
                    "latency": 53.580913095506716, 
                    "id": 4, 
                    "wc_latency": 231.74580076188107
                }, 
                {
                    "latency": 197.02552887133976, 
                    "id": 8, 
                    "wc_latency": 725.7127111364498
                }, 
                {
                    "latency": 149.41196025050658, 
                    "id": 12, 
                    "wc_latency": 617.9290555963562
                }, 
                {
                    "latency": 144.64153424220453, 
                    "id": 16, 
                    "wc_latency": 708.4982187600294
                }, 
                {
                    "latency": 139.39727926978324, 
                    "id": 20, 
                    "wc_latency": 708.4982187600294
                }, 
                {
                    "latency": 121.68840138095648, 
                    "id": 24, 
                    "wc_latency": 708.4982187600294
                }, 
                {
                    "latency": 121.68840138095648, 
                    "id": 28, 
                    "wc_latency": 708.4982187600294
                }, 
                {
                    "latency": 282.8418950456163, 
                    "id": 32, 
                    "wc_latency": 1326.4272743563856
                }, 
                {
                    "latency": 53.580913095506716, 
                    "id": 1, 
                    "wc_latency": 231.74580076188107
                }, 
                {
                    "latency": 48.50420804313925, 
                    "id": 5, 
                    "wc_latency": 196.2088653953088
                }, 
                {
                    "latency": 197.02552887133976, 
                    "id": 9, 
                    "wc_latency": 725.7127111364498
                }, 
                {
                    "latency": 131.7030823616798, 
                    "id": 13, 
                    "wc_latency": 617.9290555963562
                }, 
                {
                    "latency": 121.68840138095648, 
                    "id": 17, 
                    "wc_latency": 708.4982187600294
                }, 
                {
                    "latency": 134.32057421741578, 
                    "id": 21, 
                    "wc_latency": 708.4982187600294
                }, 
                {
                    "latency": 121.68840138095648, 
                    "id": 25, 
                    "wc_latency": 708.4982187600294
                }, 
                {
                    "latency": 293.16285507040504, 
                    "id": 29, 
                    "wc_latency": 725.7127111364498
                }, 
                {
                    "latency": 293.16285507040504, 
                    "id": 33, 
                    "wc_latency": 1326.4272743563856
                }, 
                {
                    "latency": 48.50420804313925, 
                    "id": 2, 
                    "wc_latency": 196.2088653953088
                }, 
                {
                    "latency": 76.53404595675478, 
                    "id": 6, 
                    "wc_latency": 231.74580076188107
                }, 
                {
                    "latency": 126.4588273892585, 
                    "id": 10, 
                    "wc_latency": 617.9290555963562
                }, 
                {
                    "latency": 108.74994950043173, 
                    "id": 14, 
                    "wc_latency": 617.9290555963562
                }, 
                {
                    "latency": 121.68840138095648, 
                    "id": 18, 
                    "wc_latency": 708.4982187600294
                }, 
                {
                    "latency": 162.35041213103133, 
                    "id": 22, 
                    "wc_latency": 708.4982187600294
                }, 
                {
                    "latency": 144.64153424220453, 
                    "id": 26, 
                    "wc_latency": 708.4982187600294
                }, 
                {
                    "latency": 305.7950279068644, 
                    "id": 30, 
                    "wc_latency": 1326.4272743563856
                }, 
                {
                    "latency": 323.9581852247175, 
                    "id": 34, 
                    "wc_latency": 1434.2109298964792
                }, 
                {
                    "latency": 76.53404595675478, 
                    "id": 3, 
                    "wc_latency": 231.74580076188107
                }, 
                {
                    "latency": 219.97866173258782, 
                    "id": 7, 
                    "wc_latency": 725.7127111364498
                }, 
                {
                    "latency": 121.38212233689104, 
                    "id": 11, 
                    "wc_latency": 617.9290555963562
                }, 
                {
                    "latency": 108.74994950043173, 
                    "id": 15, 
                    "wc_latency": 617.9290555963562
                }, 
                {
                    "latency": 495.5909175732706, 
                    "id": 19, 
                    "wc_latency": 1434.2109298964792
                }, 
                {
                    "latency": 144.64153424220453, 
                    "id": 23, 
                    "wc_latency": 708.4982187600294
                }, 
                {
                    "latency": 121.68840138095648, 
                    "id": 27, 
                    "wc_latency": 708.4982187600294
                }, 
                {
                    "latency": 282.8418950456163, 
                    "id": 31, 
                    "wc_latency": 1326.4272743563856
                }
            ], 
            "wc_latency": {
                "lowest": 196.2088653953088, 
                "highest_combo": [
                    0, 
                    1, 
                    2, 
                    3
                ], 
                "lowest_combo": [
                    0, 
                    1, 
                    3, 
                    5
                ], 
                "sum": 26814.971952427906, 
                "num": 35, 
                "duration": 0.0006923675537109375, 
                "highest": 2209.0362581269774, 
                "mean": 766.1420557836544
            }
        }
    }
}