{
    "group": [
        "1", 
        "2", 
        "3", 
        "4"
    ], 
    "metric": [
        "latency", 
        "wc_latency"
    ], 
    "data": {
        "1": {
            "latency": {
                "lowest": 26.771200385105733, 
                "highest_combo": [
                    0
                ], 
                "lowest_combo": [
                    2
                ], 
                "sum": 267.7120038510574, 
                "num": 6, 
                "duration": 0.0008556842803955078, 
                "highest": 58.77935691383646, 
                "mean": 44.618667308509565
            }, 
            "distribution": [
                {
                    "latency": 58.77935691383646, 
                    "id": 0, 
                    "wc_latency": 85.0355299957708
                }, 
                {
                    "latency": 43.63614389601591, 
                    "id": 4, 
                    "wc_latency": 73.30965005946135
                }, 
                {
                    "latency": 45.501152205300656, 
                    "id": 1, 
                    "wc_latency": 76.10716252338847
                }, 
                {
                    "latency": 51.45339718688888, 
                    "id": 5, 
                    "wc_latency": 85.0355299957708
                }, 
                {
                    "latency": 26.771200385105733, 
                    "id": 2, 
                    "wc_latency": 48.012234793096084
                }, 
                {
                    "latency": 41.570753263909715, 
                    "id": 3, 
                    "wc_latency": 70.21156411130205
                }
            ], 
            "wc_latency": {
                "lowest": 48.012234793096084, 
                "highest_combo": [
                    0
                ], 
                "lowest_combo": [
                    2
                ], 
                "sum": 437.7116714787895, 
                "num": 6, 
                "duration": 0.00022101402282714844, 
                "highest": 85.0355299957708, 
                "mean": 72.95194524646492
            }
        }, 
        "3": {
            "latency": {
                "lowest": 12.59861205247727, 
                "highest_combo": [
                    1, 
                    3, 
                    4
                ], 
                "lowest_combo": [
                    0, 
                    2, 
                    5
                ], 
                "sum": 386.3035785703694, 
                "num": 20, 
                "duration": 0.00030112266540527344, 
                "highest": 25.27225299173145, 
                "mean": 19.31517892851847
            }, 
            "distribution": [
                {
                    "latency": 14.086673297874325, 
                    "id": 0, 
                    "wc_latency": 37.02329520267472
                }, 
                {
                    "latency": 15.069273033222059, 
                    "id": 4, 
                    "wc_latency": 37.02329520267472
                }, 
                {
                    "latency": 19.998388491879258, 
                    "id": 8, 
                    "wc_latency": 50.29425704849835
                }, 
                {
                    "latency": 15.918163229611219, 
                    "id": 12, 
                    "wc_latency": 48.012234793096084
                }, 
                {
                    "latency": 18.855076287677196, 
                    "id": 16, 
                    "wc_latency": 48.012234793096084
                }, 
                {
                    "latency": 21.486449737276313, 
                    "id": 1, 
                    "wc_latency": 59.222624520880686
                }, 
                {
                    "latency": 14.552925375195512, 
                    "id": 5, 
                    "wc_latency": 37.02329520267472
                }, 
                {
                    "latency": 21.031083807932355, 
                    "id": 9, 
                    "wc_latency": 53.39234299665763
                }, 
                {
                    "latency": 25.27225299173145, 
                    "id": 13, 
                    "wc_latency": 70.21156411130205
                }, 
                {
                    "latency": 16.900762964958954, 
                    "id": 17, 
                    "wc_latency": 48.012234793096084
                }, 
                {
                    "latency": 22.51914505332941, 
                    "id": 2, 
                    "wc_latency": 62.32071046903997
                }, 
                {
                    "latency": 12.59861205247727, 
                    "id": 6, 
                    "wc_latency": 28.09492773029238
                }, 
                {
                    "latency": 18.38882421035601, 
                    "id": 10, 
                    "wc_latency": 48.012234793096084
                }, 
                {
                    "latency": 23.31793966901321, 
                    "id": 14, 
                    "wc_latency": 70.21156411130205
                }, 
                {
                    "latency": 16.384415306932407, 
                    "id": 18, 
                    "wc_latency": 48.012234793096084
                }, 
                {
                    "latency": 21.963587962574724, 
                    "id": 3, 
                    "wc_latency": 53.39234299665763
                }, 
                {
                    "latency": 21.952701814597503, 
                    "id": 7, 
                    "wc_latency": 59.222624520880686
                }, 
                {
                    "latency": 17.872476552329463, 
                    "id": 11, 
                    "wc_latency": 48.012234793096084
                }, 
                {
                    "latency": 24.350634985066307, 
                    "id": 15, 
                    "wc_latency": 73.30965005946135
                }, 
                {
                    "latency": 23.784191746334397, 
                    "id": 19, 
                    "wc_latency": 70.21156411130205
                }
            ], 
            "wc_latency": {
                "lowest": 28.09492773029238, 
                "highest_combo": [
                    1, 
                    4, 
                    5
                ], 
                "lowest_combo": [
                    0, 
                    2, 
                    5
                ], 
                "sum": 1049.0274670428755, 
                "num": 20, 
                "duration": 0.00022363662719726562, 
                "highest": 73.30965005946135, 
                "mean": 52.451373352143776
            }
        }, 
        "2": {
            "latency": {
                "lowest": 18.769161252923055, 
                "highest_combo": [
                    0, 
                    5
                ], 
                "lowest_combo": [
                    0, 
                    2
                ], 
                "sum": 439.64714634117684, 
                "num": 15, 
                "duration": 0.008730649948120117, 
                "highest": 37.280808854260414, 
                "mean": 29.309809756078455
            }, 
            "distribution": [
                {
                    "latency": 32.81662511806925, 
                    "id": 0, 
                    "wc_latency": 65.1182229329671
                }, 
                {
                    "latency": 37.280808854260414, 
                    "id": 4, 
                    "wc_latency": 65.1182229329671
                }, 
                {
                    "latency": 34.64811504980614, 
                    "id": 8, 
                    "wc_latency": 76.10716252338847
                }, 
                {
                    "latency": 33.65462916648118, 
                    "id": 12, 
                    "wc_latency": 70.21156411130205
                }, 
                {
                    "latency": 18.769161252923055, 
                    "id": 1, 
                    "wc_latency": 37.02329520267472
                }, 
                {
                    "latency": 22.088712430057004, 
                    "id": 5, 
                    "wc_latency": 48.012234793096084
                }, 
                {
                    "latency": 23.071312165404738, 
                    "id": 9, 
                    "wc_latency": 48.012234793096084
                }, 
                {
                    "latency": 31.700315843762933, 
                    "id": 13, 
                    "wc_latency": 70.21156411130205
                }, 
                {
                    "latency": 29.86882591202604, 
                    "id": 2, 
                    "wc_latency": 59.222624520880686
                }, 
                {
                    "latency": 33.18837708915999, 
                    "id": 6, 
                    "wc_latency": 70.21156411130205
                }, 
                {
                    "latency": 22.55496450737819, 
                    "id": 10, 
                    "wc_latency": 48.012234793096084
                }, 
                {
                    "latency": 33.249358817842584, 
                    "id": 14, 
                    "wc_latency": 73.30965005946135
                }, 
                {
                    "latency": 31.417868886105683, 
                    "id": 3, 
                    "wc_latency": 62.32071046903997
                }, 
                {
                    "latency": 34.73742006323963, 
                    "id": 7, 
                    "wc_latency": 73.30965005946135
                }, 
                {
                    "latency": 20.60065118465995, 
                    "id": 11, 
                    "wc_latency": 48.012234793096084
                }
            ], 
            "wc_latency": {
                "lowest": 37.02329520267472, 
                "highest_combo": [
                    1, 
                    5
                ], 
                "lowest_combo": [
                    0, 
                    2
                ], 
                "sum": 914.2131702071313, 
                "num": 15, 
                "duration": 0.00032973289489746094, 
                "highest": 76.10716252338847, 
                "mean": 60.94754468047542
            }
        }, 
        "4": {
            "latency": {
                "lowest": 7.916124097428539, 
                "highest_combo": [
                    1, 
                    3, 
                    4, 
                    5
                ], 
                "lowest_combo": [
                    0, 
                    1, 
                    2, 
                    5
                ], 
                "sum": 171.88757943859173, 
                "num": 15, 
                "duration": 0.0002841949462890625, 
                "highest": 15.40181557158467, 
                "mean": 11.459171962572782
            }, 
            "distribution": [
                {
                    "latency": 10.386785078173329, 
                    "id": 0, 
                    "wc_latency": 37.02329520267472
                }, 
                {
                    "latency": 11.616012317129533, 
                    "id": 4, 
                    "wc_latency": 47.49674458457123
                }, 
                {
                    "latency": 8.382376174749725, 
                    "id": 8, 
                    "wc_latency": 28.09492773029238
                }, 
                {
                    "latency": 11.701927351883675, 
                    "id": 12, 
                    "wc_latency": 48.012234793096084
                }, 
                {
                    "latency": 9.87043742014678, 
                    "id": 1, 
                    "wc_latency": 37.02329520267472
                }, 
                {
                    "latency": 12.132359975156083, 
                    "id": 5, 
                    "wc_latency": 47.49674458457123
                }, 
                {
                    "latency": 12.08226439445072, 
                    "id": 9, 
                    "wc_latency": 50.29425704849835
                }, 
                {
                    "latency": 15.40181557158467, 
                    "id": 13, 
                    "wc_latency": 70.21156411130205
                }, 
                {
                    "latency": 7.916124097428539, 
                    "id": 2, 
                    "wc_latency": 25.297415266365256
                }, 
                {
                    "latency": 10.853037155494517, 
                    "id": 6, 
                    "wc_latency": 37.02329520267472
                }, 
                {
                    "latency": 14.172588332628466, 
                    "id": 10, 
                    "wc_latency": 48.012234793096084
                }, 
                {
                    "latency": 12.68452708723141, 
                    "id": 14, 
                    "wc_latency": 48.012234793096084
                }, 
                {
                    "latency": 13.570325639847775, 
                    "id": 3, 
                    "wc_latency": 59.222624520880686
                }, 
                {
                    "latency": 8.898723832776271, 
                    "id": 7, 
                    "wc_latency": 28.09492773029238
                }, 
                {
                    "latency": 12.218275009910224, 
                    "id": 11, 
                    "wc_latency": 48.012234793096084
                }
            ], 
            "wc_latency": {
                "lowest": 25.297415266365256, 
                "highest_combo": [
                    1, 
                    3, 
                    4, 
                    5
                ], 
                "lowest_combo": [
                    0, 
                    1, 
                    2, 
                    5
                ], 
                "sum": 659.3280303571821, 
                "num": 15, 
                "duration": 0.00018835067749023438, 
                "highest": 70.21156411130205, 
                "mean": 43.95520202381214
            }
        }
    }
}