{
    "group": [
        "1", 
        "2", 
        "3", 
        "4"
    ], 
    "metric": [
        "latency", 
        "wc_latency"
    ], 
    "data": {
        "1": {
            "latency": {
                "lowest": 94.18566501227883, 
                "highest_combo": [
                    5
                ], 
                "lowest_combo": [
                    2
                ], 
                "sum": 679.2036474491415, 
                "num": 6, 
                "duration": 0.0009124279022216797, 
                "highest": 160.74032278697712, 
                "mean": 113.20060790819025
            }, 
            "distribution": [
                {
                    "latency": 119.61846365041721, 
                    "id": 0, 
                    "wc_latency": 204.56798074007133
                }, 
                {
                    "latency": 105.37360607576441, 
                    "id": 4, 
                    "wc_latency": 204.56798074007136
                }, 
                {
                    "latency": 105.09992491142505, 
                    "id": 1, 
                    "wc_latency": 239.80443161808967
                }, 
                {
                    "latency": 160.74032278697712, 
                    "id": 5, 
                    "wc_latency": 239.80443161808967
                }, 
                {
                    "latency": 94.18566501227883, 
                    "id": 2, 
                    "wc_latency": 233.09746800096352
                }, 
                {
                    "latency": 94.18566501227883, 
                    "id": 3, 
                    "wc_latency": 171.00415754961463
                }
            ], 
            "wc_latency": {
                "lowest": 171.00415754961463, 
                "highest_combo": [
                    1
                ], 
                "lowest_combo": [
                    3
                ], 
                "sum": 1292.8464502669, 
                "num": 6, 
                "duration": 0.000244140625, 
                "highest": 239.80443161808967, 
                "mean": 215.47440837781667
            }
        }, 
        "3": {
            "latency": {
                "lowest": 22.649672530864066, 
                "highest_combo": [
                    0, 
                    1, 
                    2
                ], 
                "lowest_combo": [
                    1, 
                    3, 
                    5
                ], 
                "sum": 768.9794228212352, 
                "num": 20, 
                "duration": 0.00039124488830566406, 
                "highest": 61.192088283557304, 
                "mean": 38.44897114106176
            }, 
            "distribution": [
                {
                    "latency": 61.192088283557304, 
                    "id": 0, 
                    "wc_latency": 196.24881540111315
                }, 
                {
                    "latency": 40.25782697558496, 
                    "id": 4, 
                    "wc_latency": 164.42752244607655
                }, 
                {
                    "latency": 24.298230827053363, 
                    "id": 8, 
                    "wc_latency": 68.66994555488697
                }, 
                {
                    "latency": 35.74322175286786, 
                    "id": 12, 
                    "wc_latency": 102.2337687453437
                }, 
                {
                    "latency": 48.66275117134978, 
                    "id": 16, 
                    "wc_latency": 130.86369925561982
                }, 
                {
                    "latency": 42.79499023571407, 
                    "id": 1, 
                    "wc_latency": 164.42752244607655
                }, 
                {
                    "latency": 34.66385644384217, 
                    "id": 5, 
                    "wc_latency": 130.86369925561982
                }, 
                {
                    "latency": 29.892201358796154, 
                    "id": 9, 
                    "wc_latency": 102.2337687453437
                }, 
                {
                    "latency": 38.86631854172458, 
                    "id": 13, 
                    "wc_latency": 130.86369925561982
                }, 
                {
                    "latency": 32.44610516048926, 
                    "id": 17, 
                    "wc_latency": 102.33421199472767
                }, 
                {
                    "latency": 37.20101970397128, 
                    "id": 2, 
                    "wc_latency": 130.86369925561982
                }, 
                {
                    "latency": 35.74322175286786, 
                    "id": 6, 
                    "wc_latency": 102.2337687453437
                }, 
                {
                    "latency": 40.25782697558496, 
                    "id": 10, 
                    "wc_latency": 164.42752244607655
                }, 
                {
                    "latency": 22.649672530864066, 
                    "id": 14, 
                    "wc_latency": 58.778595777751164
                }, 
                {
                    "latency": 32.44610516048926, 
                    "id": 18, 
                    "wc_latency": 102.33421199472767
                }, 
                {
                    "latency": 52.84847272766819, 
                    "id": 3, 
                    "wc_latency": 130.86369925561982
                }, 
                {
                    "latency": 40.51487683791388, 
                    "id": 7, 
                    "wc_latency": 130.86369925561982
                }, 
                {
                    "latency": 34.66385644384217, 
                    "id": 11, 
                    "wc_latency": 130.86369925561982
                }, 
                {
                    "latency": 22.649672530864066, 
                    "id": 15, 
                    "wc_latency": 58.778595777751164
                }, 
                {
                    "latency": 61.18710740618996, 
                    "id": 19, 
                    "wc_latency": 171.00415754961463
                }
            ], 
            "wc_latency": {
                "lowest": 58.778595777751164, 
                "highest_combo": [
                    0, 
                    1, 
                    2
                ], 
                "lowest_combo": [
                    1, 
                    3, 
                    5
                ], 
                "sum": 2474.178302414172, 
                "num": 20, 
                "duration": 0.00031256675720214844, 
                "highest": 196.24881540111315, 
                "mean": 123.7089151207086
            }
        }, 
        "2": {
            "latency": {
                "lowest": 44.46028907346737, 
                "highest_combo": [
                    0, 
                    1
                ], 
                "lowest_combo": [
                    1, 
                    4
                ], 
                "sum": 966.5824099561623, 
                "num": 15, 
                "duration": 0.0012509822845458984, 
                "highest": 90.58138617243287, 
                "mean": 64.43882733041082
            }, 
            "distribution": [
                {
                    "latency": 90.58138617243287, 
                    "id": 0, 
                    "wc_latency": 196.24881540111315
                }, 
                {
                    "latency": 73.53017498556676, 
                    "id": 4, 
                    "wc_latency": 164.42752244607655
                }, 
                {
                    "latency": 60.10774209716427, 
                    "id": 8, 
                    "wc_latency": 130.86369925561982
                }, 
                {
                    "latency": 82.99772394879325, 
                    "id": 12, 
                    "wc_latency": 171.00415754961463
                }, 
                {
                    "latency": 68.45135765305338, 
                    "id": 1, 
                    "wc_latency": 196.24881540111315
                }, 
                {
                    "latency": 74.59279975302844, 
                    "id": 5, 
                    "wc_latency": 233.09746800096352
                }, 
                {
                    "latency": 59.85069223483536, 
                    "id": 9, 
                    "wc_latency": 164.42752244607655
                }, 
                {
                    "latency": 66.78107793793275, 
                    "id": 13, 
                    "wc_latency": 171.00415754961463
                }, 
                {
                    "latency": 51.70281790139946, 
                    "id": 2, 
                    "wc_latency": 164.42752244607655
                }, 
                {
                    "latency": 50.054259605210156, 
                    "id": 6, 
                    "wc_latency": 164.42752244607655
                }, 
                {
                    "latency": 54.25672170309256, 
                    "id": 10, 
                    "wc_latency": 130.86369925561982
                }, 
                {
                    "latency": 82.17646197666808, 
                    "id": 14, 
                    "wc_latency": 196.24881540111315
                }, 
                {
                    "latency": 51.70281790139946, 
                    "id": 3, 
                    "wc_latency": 130.86369925561982
                }, 
                {
                    "latency": 44.46028907346737, 
                    "id": 7, 
                    "wc_latency": 130.86369925561982
                }, 
                {
                    "latency": 55.33608701211825, 
                    "id": 11, 
                    "wc_latency": 102.33421199472767
                }
            ], 
            "wc_latency": {
                "lowest": 102.33421199472767, 
                "highest_combo": [
                    1, 
                    2
                ], 
                "lowest_combo": [
                    2, 
                    5
                ], 
                "sum": 2447.3513281050455, 
                "num": 15, 
                "duration": 0.014179706573486328, 
                "highest": 233.09746800096352, 
                "mean": 163.15675520700304
            }
        }, 
        "4": {
            "latency": {
                "lowest": 12.85323990123887, 
                "highest_combo": [
                    0, 
                    1, 
                    2, 
                    3
                ], 
                "lowest_combo": [
                    0, 
                    2, 
                    4, 
                    5
                ], 
                "sum": 323.4397809111038, 
                "num": 15, 
                "duration": 0.0005521774291992188, 
                "highest": 32.99855760608888, 
                "mean": 21.562652060740255
            }, 
            "distribution": [
                {
                    "latency": 32.99855760608888, 
                    "id": 0, 
                    "wc_latency": 164.42752244607655
                }, 
                {
                    "latency": 15.39040316136798, 
                    "id": 4, 
                    "wc_latency": 58.778595777751164
                }, 
                {
                    "latency": 12.85323990123887, 
                    "id": 8, 
                    "wc_latency": 43.5556162169765
                }, 
                {
                    "latency": 12.85323990123887, 
                    "id": 12, 
                    "wc_latency": 43.5556162169765
                }, 
                {
                    "latency": 27.404587074346093, 
                    "id": 1, 
                    "wc_latency": 130.86369925561982
                }, 
                {
                    "latency": 15.39040316136798, 
                    "id": 5, 
                    "wc_latency": 58.778595777751164
                }, 
                {
                    "latency": 18.70426029531058, 
                    "id": 9, 
                    "wc_latency": 68.66994555488697
                }, 
                {
                    "latency": 17.05570199912128, 
                    "id": 13, 
                    "wc_latency": 58.778595777751164
                }, 
                {
                    "latency": 28.483952383371776, 
                    "id": 2, 
                    "wc_latency": 102.2337687453437
                }, 
                {
                    "latency": 29.06988591209939, 
                    "id": 6, 
                    "wc_latency": 130.86369925561982
                }, 
                {
                    "latency": 29.06988591209939, 
                    "id": 10, 
                    "wc_latency": 130.86369925561982
                }, 
                {
                    "latency": 26.852134628746473, 
                    "id": 14, 
                    "wc_latency": 102.33421199472767
                }, 
                {
                    "latency": 31.6070491722285, 
                    "id": 3, 
                    "wc_latency": 130.86369925561982
                }, 
                {
                    "latency": 12.85323990123887, 
                    "id": 7, 
                    "wc_latency": 43.5556162169765
                }, 
                {
                    "latency": 12.85323990123887, 
                    "id": 11, 
                    "wc_latency": 43.5556162169765
                }
            ], 
            "wc_latency": {
                "lowest": 43.5556162169765, 
                "highest_combo": [
                    0, 
                    1, 
                    2, 
                    3
                ], 
                "lowest_combo": [
                    0, 
                    2, 
                    4, 
                    5
                ], 
                "sum": 1311.6784979646736, 
                "num": 15, 
                "duration": 0.00027871131896972656, 
                "highest": 164.42752244607655, 
                "mean": 87.44523319764491
            }
        }
    }
}