{
    "group": [
        "1", 
        "2", 
        "3", 
        "4"
    ], 
    "metric": [
        "latency", 
        "wc_latency"
    ], 
    "data": {
        "1": {
            "latency": {
                "lowest": 896.3180464607345, 
                "highest_combo": [
                    0
                ], 
                "lowest_combo": [
                    2
                ], 
                "sum": 6788.533041879995, 
                "num": 6, 
                "duration": 0.0004916191101074219, 
                "highest": 1535.5969543638355, 
                "mean": 1131.422173646666
            }, 
            "distribution": [
                {
                    "latency": 1535.5969543638355, 
                    "id": 0, 
                    "wc_latency": 2442.755809230644
                }, 
                {
                    "latency": 978.755137514695, 
                    "id": 4, 
                    "wc_latency": 2434.702657984757
                }, 
                {
                    "latency": 1436.0326308570102, 
                    "id": 1, 
                    "wc_latency": 2301.890566384286
                }, 
                {
                    "latency": 957.7063676717662, 
                    "id": 5, 
                    "wc_latency": 2135.2520816883743
                }, 
                {
                    "latency": 896.3180464607345, 
                    "id": 2, 
                    "wc_latency": 1853.5028457592475
                }, 
                {
                    "latency": 984.1239050119526, 
                    "id": 3, 
                    "wc_latency": 2442.755809230644
                }
            ], 
            "wc_latency": {
                "lowest": 1853.5028457592475, 
                "highest_combo": [
                    0
                ], 
                "lowest_combo": [
                    2
                ], 
                "sum": 13610.859770277953, 
                "num": 6, 
                "duration": 9.608268737792969e-05, 
                "highest": 2442.755809230644, 
                "mean": 2268.476628379659
            }
        }, 
        "3": {
            "latency": {
                "lowest": 149.521071850271, 
                "highest_combo": [
                    3, 
                    4, 
                    5
                ], 
                "lowest_combo": [
                    0, 
                    2, 
                    4
                ], 
                "sum": 5830.143940139931, 
                "num": 20, 
                "duration": 0.0005300045013427734, 
                "highest": 775.7958596855347, 
                "mean": 291.50719700699653
            }, 
            "distribution": [
                {
                    "latency": 297.2789577786036, 
                    "id": 0, 
                    "wc_latency": 602.285803629262
                }, 
                {
                    "latency": 150.86326372458544, 
                    "id": 4, 
                    "wc_latency": 549.7580995816378
                }, 
                {
                    "latency": 157.09612890414323, 
                    "id": 8, 
                    "wc_latency": 587.1552906589844
                }, 
                {
                    "latency": 239.80522990622953, 
                    "id": 12, 
                    "wc_latency": 549.7580995816378
                }, 
                {
                    "latency": 689.3232467380896, 
                    "id": 16, 
                    "wc_latency": 1853.5028457592475
                }, 
                {
                    "latency": 193.34950907613108, 
                    "id": 1, 
                    "wc_latency": 602.285803629262
                }, 
                {
                    "latency": 149.521071850271, 
                    "id": 5, 
                    "wc_latency": 541.704948335751
                }, 
                {
                    "latency": 157.09612890414323, 
                    "id": 9, 
                    "wc_latency": 587.1552906589844
                }, 
                {
                    "latency": 247.21765537318575, 
                    "id": 13, 
                    "wc_latency": 594.2326523833752
                }, 
                {
                    "latency": 600.3812805564455, 
                    "id": 17, 
                    "wc_latency": 1853.5028457592475
                }, 
                {
                    "latency": 190.66512532750218, 
                    "id": 2, 
                    "wc_latency": 594.2326523833752
                }, 
                {
                    "latency": 239.80522990622953, 
                    "id": 6, 
                    "wc_latency": 549.7580995816378
                }, 
                {
                    "latency": 150.86326372458544, 
                    "id": 10, 
                    "wc_latency": 549.7580995816378
                }, 
                {
                    "latency": 157.09612890414323, 
                    "id": 14, 
                    "wc_latency": 587.1552906589844
                }, 
                {
                    "latency": 600.3812805564455, 
                    "id": 18, 
                    "wc_latency": 1853.5028457592475
                }, 
                {
                    "latency": 279.76972309606225, 
                    "id": 3, 
                    "wc_latency": 587.1552906589844
                }, 
                {
                    "latency": 247.21765537318575, 
                    "id": 7, 
                    "wc_latency": 594.2326523833752
                }, 
                {
                    "latency": 149.521071850271, 
                    "id": 11, 
                    "wc_latency": 541.704948335751
                }, 
                {
                    "latency": 157.09612890414323, 
                    "id": 15, 
                    "wc_latency": 587.1552906589844
                }, 
                {
                    "latency": 775.7958596855347, 
                    "id": 19, 
                    "wc_latency": 2135.2520816883743
                }
            ], 
            "wc_latency": {
                "lowest": 541.704948335751, 
                "highest_combo": [
                    3, 
                    4, 
                    5
                ], 
                "lowest_combo": [
                    0, 
                    2, 
                    4
                ], 
                "sum": 16901.248931667746, 
                "num": 20, 
                "duration": 0.00024819374084472656, 
                "highest": 2135.2520816883743, 
                "mean": 845.0624465833873
            }
        }, 
        "2": {
            "latency": {
                "lowest": 248.5598472475002, 
                "highest_combo": [
                    0, 
                    1
                ], 
                "lowest_combo": [
                    0, 
                    4
                ], 
                "sum": 8458.734029381158, 
                "num": 15, 
                "duration": 0.0004322528839111328, 
                "highest": 1378.1379089370123, 
                "mean": 563.9156019587439
            }, 
            "distribution": [
                {
                    "latency": 1378.1379089370123, 
                    "id": 0, 
                    "wc_latency": 2301.890566384286
                }, 
                {
                    "latency": 337.6644450160602, 
                    "id": 4, 
                    "wc_latency": 587.1552906589844
                }, 
                {
                    "latency": 337.6644450160602, 
                    "id": 8, 
                    "wc_latency": 587.1552906589844
                }, 
                {
                    "latency": 977.4129456403806, 
                    "id": 12, 
                    "wc_latency": 2434.702657984757
                }, 
                {
                    "latency": 355.1736796986017, 
                    "id": 1, 
                    "wc_latency": 602.285803629262
                }, 
                {
                    "latency": 355.1736796986017, 
                    "id": 5, 
                    "wc_latency": 602.285803629262
                }, 
                {
                    "latency": 692.0076304867184, 
                    "id": 9, 
                    "wc_latency": 1853.5028457592475
                }, 
                {
                    "latency": 777.138051559849, 
                    "id": 13, 
                    "wc_latency": 2135.2520816883743
                }, 
                {
                    "latency": 251.2442309961291, 
                    "id": 2, 
                    "wc_latency": 602.285803629262
                }, 
                {
                    "latency": 251.2442309961291, 
                    "id": 6, 
                    "wc_latency": 602.285803629262
                }, 
                {
                    "latency": 690.665438612404, 
                    "id": 10, 
                    "wc_latency": 1853.5028457592475
                }, 
                {
                    "latency": 777.138051559849, 
                    "id": 14, 
                    "wc_latency": 2135.2520816883743
                }, 
                {
                    "latency": 248.5598472475002, 
                    "id": 3, 
                    "wc_latency": 594.2326523833752
                }, 
                {
                    "latency": 248.5598472475002, 
                    "id": 7, 
                    "wc_latency": 594.2326523833752
                }, 
                {
                    "latency": 780.9495966683626, 
                    "id": 11, 
                    "wc_latency": 1853.5028457592475
                }
            ], 
            "wc_latency": {
                "lowest": 587.1552906589844, 
                "highest_combo": [
                    3, 
                    4
                ], 
                "lowest_combo": [
                    0, 
                    5
                ], 
                "sum": 19339.525025625302, 
                "num": 15, 
                "duration": 0.000171661376953125, 
                "highest": 2434.702657984757, 
                "mean": 1289.3016683750202
            }
        }, 
        "4": {
            "latency": {
                "lowest": 59.23691379431247, 
                "highest_combo": [
                    2, 
                    3, 
                    4, 
                    5
                ], 
                "lowest_combo": [
                    0, 
                    2, 
                    4, 
                    5
                ], 
                "sum": 2198.0835250135215, 
                "num": 15, 
                "duration": 0.0004513263702392578, 
                "highest": 599.039088682131, 
                "mean": 146.5389016675681
            }, 
            "distribution": [
                {
                    "latency": 92.96854180458742, 
                    "id": 0, 
                    "wc_latency": 549.7580995816378
                }, 
                {
                    "latency": 99.2014069841452, 
                    "id": 4, 
                    "wc_latency": 587.1552906589844
                }, 
                {
                    "latency": 59.23691379431247, 
                    "id": 8, 
                    "wc_latency": 347.3683315199881
                }, 
                {
                    "latency": 59.23691379431247, 
                    "id": 12, 
                    "wc_latency": 347.3683315199881
                }, 
                {
                    "latency": 91.62634993027297, 
                    "id": 1, 
                    "wc_latency": 541.704948335751
                }, 
                {
                    "latency": 99.2014069841452, 
                    "id": 5, 
                    "wc_latency": 587.1552906589844
                }, 
                {
                    "latency": 155.75393702982876, 
                    "id": 9, 
                    "wc_latency": 587.1552906589844
                }, 
                {
                    "latency": 155.75393702982876, 
                    "id": 13, 
                    "wc_latency": 587.1552906589844
                }, 
                {
                    "latency": 181.91050798623147, 
                    "id": 2, 
                    "wc_latency": 549.7580995816378
                }, 
                {
                    "latency": 148.17887997595653, 
                    "id": 6, 
                    "wc_latency": 541.704948335751
                }, 
                {
                    "latency": 148.17887997595653, 
                    "id": 10, 
                    "wc_latency": 541.704948335751
                }, 
                {
                    "latency": 599.039088682131, 
                    "id": 14, 
                    "wc_latency": 1853.5028457592475
                }, 
                {
                    "latency": 189.32293345318772, 
                    "id": 3, 
                    "wc_latency": 594.2326523833752
                }, 
                {
                    "latency": 59.23691379431247, 
                    "id": 7, 
                    "wc_latency": 347.3683315199881
                }, 
                {
                    "latency": 59.23691379431247, 
                    "id": 11, 
                    "wc_latency": 347.3683315199881
                }
            ], 
            "wc_latency": {
                "lowest": 347.3683315199881, 
                "highest_combo": [
                    2, 
                    3, 
                    4, 
                    5
                ], 
                "lowest_combo": [
                    0, 
                    2, 
                    4, 
                    5
                ], 
                "sum": 8910.461031029043, 
                "num": 15, 
                "duration": 0.0001964569091796875, 
                "highest": 1853.5028457592475, 
                "mean": 594.0307354019362
            }
        }
    }
}